query_id,rank,target_id
afhq_dog_000079,1,afhq_cat_010387
afhq_dog_000079,2,afhq_cat_015820
afhq_dog_000079,3,afhq_cat_010098
afhq_dog_000079,4,afhq_cat_015791
afhq_dog_000079,5,afhq_cat_013006
afhq_dog_000079,6,afhq_cat_011049
afhq_dog_000079,7,afhq_cat_013955
afhq_dog_000079,8,afhq_cat_014199
afhq_dog_000079,9,afhq_cat_014393
afhq_dog_000079,10,afhq_cat_012091
afhq_dog_000079,11,afhq_cat_015697
afhq_dog_000079,12,afhq_cat_010289
afhq_dog_000079,13,afhq_cat_010652
afhq_dog_000079,14,afhq_cat_010815
afhq_dog_000079,15,afhq_cat_014365
afhq_dog_001544,1,afhq_cat_010067
afhq_dog_001544,2,afhq_cat_013101
afhq_dog_001544,3,afhq_cat_011260
afhq_dog_001544,4,afhq_cat_015975
afhq_dog_001544,5,afhq_cat_013450
afhq_dog_001544,6,afhq_cat_010652
afhq_dog_001544,7,afhq_cat_013714
afhq_dog_001544,8,afhq_cat_011457
afhq_dog_001544,9,afhq_cat_012198
afhq_dog_001544,10,afhq_cat_010550
afhq_dog_001544,11,afhq_cat_013328
afhq_dog_001544,12,afhq_cat_014229
afhq_dog_001544,13,afhq_cat_016052
afhq_dog_001544,14,afhq_cat_013805
afhq_dog_001544,15,afhq_cat_010011
afhq_dog_004548,1,afhq_cat_011932
afhq_dog_004548,2,afhq_cat_010550
afhq_dog_004548,3,afhq_cat_011902
afhq_dog_004548,4,afhq_cat_011563
afhq_dog_004548,5,afhq_cat_013328
afhq_dog_004548,6,afhq_cat_012236
afhq_dog_004548,7,afhq_cat_013908
afhq_dog_004548,8,afhq_cat_014285
afhq_dog_004548,9,afhq_cat_013232
afhq_dog_004548,10,afhq_cat_010911
afhq_dog_004548,11,afhq_cat_013159
afhq_dog_004548,12,afhq_cat_013174
afhq_dog_004548,13,afhq_cat_013456
afhq_dog_004548,14,afhq_cat_009575
afhq_dog_004548,15,afhq_cat_012892
afhq_dog_000477,1,afhq_cat_010550
afhq_dog_000477,2,afhq_cat_014502
afhq_dog_000477,3,afhq_cat_013829
afhq_dog_000477,4,afhq_cat_010107
afhq_dog_000477,5,afhq_cat_014126
afhq_dog_000477,6,afhq_cat_013318
afhq_dog_000477,7,afhq_cat_013999
afhq_dog_000477,8,afhq_cat_014420
afhq_dog_000477,9,afhq_cat_009884
afhq_dog_000477,10,afhq_cat_013101
afhq_dog_000477,11,afhq_cat_009942
afhq_dog_000477,12,afhq_cat_014094
afhq_dog_000477,13,afhq_cat_012941
afhq_dog_000477,14,afhq_cat_010390
afhq_dog_000477,15,afhq_cat_012494
afhq_dog_003178,1,afhq_cat_016046
afhq_dog_003178,2,afhq_cat_013286
afhq_dog_003178,3,afhq_cat_009525
afhq_dog_003178,4,afhq_cat_012996
afhq_dog_003178,5,afhq_cat_013793
afhq_dog_003178,6,afhq_cat_010208
afhq_dog_003178,7,afhq_cat_014479
afhq_dog_003178,8,afhq_cat_013866
afhq_dog_003178,9,afhq_cat_012044
afhq_dog_003178,10,afhq_cat_013221
afhq_dog_003178,11,afhq_cat_010067
afhq_dog_003178,12,afhq_cat_012494
afhq_dog_003178,13,afhq_cat_010044
afhq_dog_003178,14,afhq_cat_012941
afhq_dog_003178,15,afhq_cat_012989
afhq_dog_000060,1,afhq_cat_010017
afhq_dog_000060,2,afhq_cat_012463
afhq_dog_000060,3,afhq_cat_010557
afhq_dog_000060,4,afhq_cat_010050
afhq_dog_000060,5,afhq_cat_011573
afhq_dog_000060,6,afhq_cat_010038
afhq_dog_000060,7,afhq_cat_011593
afhq_dog_000060,8,afhq_cat_011457
afhq_dog_000060,9,afhq_cat_010945
afhq_dog_000060,10,afhq_cat_014514
afhq_dog_000060,11,afhq_cat_011798
afhq_dog_000060,12,afhq_cat_014479
afhq_dog_000060,13,afhq_cat_010011
afhq_dog_000060,14,afhq_cat_014078
afhq_dog_000060,15,afhq_cat_010820
afhq_dog_014685,1,afhq_cat_012276
afhq_dog_014685,2,afhq_cat_014420
afhq_dog_014685,3,afhq_cat_013351
afhq_dog_014685,4,afhq_cat_010420
afhq_dog_014685,5,afhq_cat_009773
afhq_dog_014685,6,afhq_cat_012539
afhq_dog_014685,7,afhq_cat_010210
afhq_dog_014685,8,afhq_cat_013168
afhq_dog_014685,9,afhq_cat_014502
afhq_dog_014685,10,afhq_cat_009706
afhq_dog_014685,11,afhq_cat_013829
afhq_dog_014685,12,afhq_cat_011870
afhq_dog_014685,13,afhq_cat_013770
afhq_dog_014685,14,afhq_cat_015827
afhq_dog_014685,15,afhq_cat_015803
afhq_dog_002629,1,afhq_cat_010208
afhq_dog_002629,2,afhq_cat_013451
afhq_dog_002629,3,afhq_cat_014365
afhq_dog_002629,4,afhq_cat_015820
afhq_dog_002629,5,afhq_cat_010387
afhq_dog_002629,6,afhq_cat_012782
afhq_dog_002629,7,afhq_cat_012460
afhq_dog_002629,8,afhq_cat_012091
afhq_dog_002629,9,afhq_cat_010744
afhq_dog_002629,10,afhq_cat_013242
afhq_dog_002629,11,afhq_cat_010099
afhq_dog_002629,12,afhq_cat_013955
afhq_dog_002629,13,afhq_cat_015968
afhq_dog_002629,14,afhq_cat_009682
afhq_dog_002629,15,afhq_cat_010793
afhq_dog_002000,1,afhq_cat_014229
afhq_dog_002000,2,afhq_cat_013168
afhq_dog_002000,3,afhq_cat_011597
afhq_dog_002000,4,afhq_cat_009618
afhq_dog_002000,5,afhq_cat_011563
afhq_dog_002000,6,afhq_cat_013467
afhq_dog_002000,7,afhq_cat_012647
afhq_dog_002000,8,afhq_cat_010136
afhq_dog_002000,9,afhq_cat_010911
afhq_dog_002000,10,afhq_cat_012821
afhq_dog_002000,11,afhq_cat_012985
afhq_dog_002000,12,afhq_cat_009884
afhq_dog_002000,13,afhq_cat_014169
afhq_dog_002000,14,afhq_cat_011196
afhq_dog_002000,15,afhq_cat_010112
afhq_dog_004607,1,afhq_cat_011870
afhq_dog_004607,2,afhq_cat_010945
afhq_dog_004607,3,afhq_cat_014078
afhq_dog_004607,4,afhq_cat_011573
afhq_dog_004607,5,afhq_cat_012996
afhq_dog_004607,6,afhq_cat_010323
afhq_dog_004607,7,afhq_cat_009942
afhq_dog_004607,8,afhq_cat_013614
afhq_dog_004607,9,afhq_cat_014126
afhq_dog_004607,10,afhq_cat_013967
afhq_dog_004607,11,afhq_cat_011311
afhq_dog_004607,12,afhq_cat_016015
afhq_dog_004607,13,afhq_cat_012329
afhq_dog_004607,14,afhq_cat_009544
afhq_dog_004607,15,afhq_cat_010011
afhq_dog_004585,1,afhq_cat_015733
afhq_dog_004585,2,afhq_cat_013286
afhq_dog_004585,3,afhq_cat_013122
afhq_dog_004585,4,afhq_cat_010911
afhq_dog_004585,5,afhq_cat_015634
afhq_dog_004585,6,afhq_cat_015801
afhq_dog_004585,7,afhq_cat_010098
afhq_dog_004585,8,afhq_cat_013090
afhq_dog_004585,9,afhq_cat_010323
afhq_dog_004585,10,afhq_cat_012150
afhq_dog_004585,11,afhq_cat_015791
afhq_dog_004585,12,afhq_cat_013006
afhq_dog_004585,13,afhq_cat_010557
afhq_dog_004585,14,afhq_cat_013168
afhq_dog_004585,15,afhq_cat_016046
afhq_dog_004395,1,afhq_cat_011573
afhq_dog_004395,2,afhq_cat_011798
afhq_dog_004395,3,afhq_cat_012387
afhq_dog_004395,4,afhq_cat_012539
afhq_dog_004395,5,afhq_cat_012463
afhq_dog_004395,6,afhq_cat_013697
afhq_dog_004395,7,afhq_cat_010210
afhq_dog_004395,8,afhq_cat_010420
afhq_dog_004395,9,afhq_cat_010376
afhq_dog_004395,10,afhq_cat_013090
afhq_dog_004395,11,afhq_cat_011174
afhq_dog_004395,12,afhq_cat_014126
afhq_dog_004395,13,afhq_cat_014383
afhq_dog_004395,14,afhq_cat_013214
afhq_dog_004395,15,afhq_cat_013161
afhq_dog_015007,1,afhq_cat_012387
afhq_dog_015007,2,afhq_cat_011967
afhq_dog_015007,3,afhq_cat_011460
afhq_dog_015007,4,afhq_cat_013999
afhq_dog_015007,5,afhq_cat_015801
afhq_dog_015007,6,afhq_cat_012150
afhq_dog_015007,7,afhq_cat_013305
afhq_dog_015007,8,afhq_cat_013908
afhq_dog_015007,9,afhq_cat_010652
afhq_dog_015007,10,afhq_cat_014126
afhq_dog_015007,11,afhq_cat_014169
afhq_dog_015007,12,afhq_cat_010557
afhq_dog_015007,13,afhq_cat_015702
afhq_dog_015007,14,afhq_cat_012198
afhq_dog_015007,15,afhq_cat_012236
afhq_dog_002051,1,afhq_cat_012236
afhq_dog_002051,2,afhq_cat_013456
afhq_dog_002051,3,afhq_cat_012513
afhq_dog_002051,4,afhq_cat_013232
afhq_dog_002051,5,afhq_cat_013214
afhq_dog_002051,6,afhq_cat_012647
afhq_dog_002051,7,afhq_cat_009525
afhq_dog_002051,8,afhq_cat_013935
afhq_dog_002051,9,afhq_cat_012835
afhq_dog_002051,10,afhq_cat_013344
afhq_dog_002051,11,afhq_cat_014124
afhq_dog_002051,12,afhq_cat_009880
afhq_dog_002051,13,afhq_cat_014514
afhq_dog_002051,14,afhq_cat_009682
afhq_dog_002051,15,afhq_cat_014383
afhq_dog_000513,1,afhq_cat_015803
afhq_dog_000513,2,afhq_cat_012372
afhq_dog_000513,3,afhq_cat_013214
afhq_dog_000513,4,afhq_cat_013467
afhq_dog_000513,5,afhq_cat_012772
afhq_dog_000513,6,afhq_cat_015634
afhq_dog_000513,7,afhq_cat_010382
afhq_dog_000513,8,afhq_cat_012996
afhq_dog_000513,9,afhq_cat_011027
afhq_dog_000513,10,afhq_cat_011834
afhq_dog_000513,11,afhq_cat_015851
afhq_dog_000513,12,afhq_cat_014080
afhq_dog_000513,13,afhq_cat_010323
afhq_dog_000513,14,afhq_cat_015876
afhq_dog_000513,15,afhq_cat_013932
afhq_dog_004159,1,afhq_cat_014080
afhq_dog_004159,2,afhq_cat_015876
afhq_dog_004159,3,afhq_cat_014024
afhq_dog_004159,4,afhq_cat_012835
afhq_dog_004159,5,afhq_cat_010376
afhq_dog_004159,6,afhq_cat_015702
afhq_dog_004159,7,afhq_cat_014078
afhq_dog_004159,8,afhq_cat_015634
afhq_dog_004159,9,afhq_cat_011413
afhq_dog_004159,10,afhq_cat_015871
afhq_dog_004159,11,afhq_cat_009525
afhq_dog_004159,12,afhq_cat_011902
afhq_dog_004159,13,afhq_cat_013261
afhq_dog_004159,14,afhq_cat_010210
afhq_dog_004159,15,afhq_cat_014126
afhq_dog_003657,1,afhq_cat_014213
afhq_dog_003657,2,afhq_cat_014126
afhq_dog_003657,3,afhq_cat_010848
afhq_dog_003657,4,afhq_cat_012494
afhq_dog_003657,5,afhq_cat_016015
afhq_dog_003657,6,afhq_cat_010238
afhq_dog_003657,7,afhq_cat_013328
afhq_dog_003657,8,afhq_cat_009629
afhq_dog_003657,9,afhq_cat_010376
afhq_dog_003657,10,afhq_cat_009884
afhq_dog_003657,11,afhq_cat_015803
afhq_dog_003657,12,afhq_cat_015801
afhq_dog_003657,13,afhq_cat_013450
afhq_dog_003657,14,afhq_cat_013159
afhq_dog_003657,15,afhq_cat_009618
afhq_dog_004398,1,afhq_cat_010313
afhq_dog_004398,2,afhq_cat_012072
afhq_dog_004398,3,afhq_cat_009706
afhq_dog_004398,4,afhq_cat_013214
afhq_dog_004398,5,afhq_cat_011356
afhq_dog_004398,6,afhq_cat_012522
afhq_dog_004398,7,afhq_cat_012598
afhq_dog_004398,8,afhq_cat_010067
afhq_dog_004398,9,afhq_cat_010815
afhq_dog_004398,10,afhq_cat_012149
afhq_dog_004398,11,afhq_cat_012513
afhq_dog_004398,12,afhq_cat_015876
afhq_dog_004398,13,afhq_cat_010557
afhq_dog_004398,14,afhq_cat_014229
afhq_dog_004398,15,afhq_cat_013793
afhq_dog_015041,1,afhq_cat_013652
afhq_dog_015041,2,afhq_cat_010390
afhq_dog_015041,3,afhq_cat_010686
afhq_dog_015041,4,afhq_cat_014479
afhq_dog_015041,5,afhq_cat_010038
afhq_dog_015041,6,afhq_cat_011182
afhq_dog_015041,7,afhq_cat_013579
afhq_dog_015041,8,afhq_cat_014578
afhq_dog_015041,9,afhq_cat_010107
afhq_dog_015041,10,afhq_cat_012724
afhq_dog_015041,11,afhq_cat_012307
afhq_dog_015041,12,afhq_cat_012091
afhq_dog_015041,13,afhq_cat_013491
afhq_dog_015041,14,afhq_cat_009682
afhq_dog_015041,15,afhq_cat_013999
afhq_dog_000547,1,afhq_cat_011260
afhq_dog_000547,2,afhq_cat_013450
afhq_dog_000547,3,afhq_cat_015801
afhq_dog_000547,4,afhq_cat_014126
afhq_dog_000547,5,afhq_cat_014548
afhq_dog_000547,6,afhq_cat_011460
afhq_dog_000547,7,afhq_cat_012682
afhq_dog_000547,8,afhq_cat_016052
afhq_dog_000547,9,afhq_cat_009644
afhq_dog_000547,10,afhq_cat_013328
afhq_dog_000547,11,afhq_cat_009575
afhq_dog_000547,12,afhq_cat_014213
afhq_dog_000547,13,afhq_cat_010112
afhq_dog_000547,14,afhq_cat_010848
afhq_dog_000547,15,afhq_cat_010130
afhq_dog_004518,1,afhq_cat_012522
afhq_dog_004518,2,afhq_cat_010011
afhq_dog_004518,3,afhq_cat_013344
afhq_dog_004518,4,afhq_cat_012307
afhq_dog_004518,5,afhq_cat_010420
afhq_dog_004518,6,afhq_cat_010130
afhq_dog_004518,7,afhq_cat_013451
afhq_dog_004518,8,afhq_cat_013232
afhq_dog_004518,9,afhq_cat_014500
afhq_dog_004518,10,afhq_cat_009773
afhq_dog_004518,11,afhq_cat_009880
afhq_dog_004518,12,afhq_cat_012985
afhq_dog_004518,13,afhq_cat_009931
afhq_dog_004518,14,afhq_cat_012513
afhq_dog_004518,15,afhq_cat_012329
afhq_dog_002858,1,afhq_cat_012898
afhq_dog_002858,2,afhq_cat_016000
afhq_dog_002858,3,afhq_cat_009880
afhq_dog_002858,4,afhq_cat_012329
afhq_dog_002858,5,afhq_cat_012236
afhq_dog_002858,6,afhq_cat_013176
afhq_dog_002858,7,afhq_cat_014110
afhq_dog_002858,8,afhq_cat_013328
afhq_dog_002858,9,afhq_cat_011399
afhq_dog_002858,10,afhq_cat_011932
afhq_dog_002858,11,afhq_cat_013242
afhq_dog_002858,12,afhq_cat_012279
afhq_dog_002858,13,afhq_cat_013159
afhq_dog_002858,14,afhq_cat_010897
afhq_dog_002858,15,afhq_cat_013813
afhq_dog_000604,1,afhq_cat_013932
afhq_dog_000604,2,afhq_cat_011191
afhq_dog_000604,3,afhq_cat_014365
afhq_dog_000604,4,afhq_cat_015647
afhq_dog_000604,5,afhq_cat_011992
afhq_dog_000604,6,afhq_cat_013813
afhq_dog_000604,7,afhq_cat_013174
afhq_dog_000604,8,afhq_cat_010557
afhq_dog_000604,9,afhq_cat_010210
afhq_dog_000604,10,afhq_cat_015634
afhq_dog_000604,11,afhq_cat_011363
afhq_dog_000604,12,afhq_cat_013579
afhq_dog_000604,13,afhq_cat_012639
afhq_dog_000604,14,afhq_cat_013740
afhq_dog_000604,15,afhq_cat_010112
afhq_dog_014799,1,afhq_cat_013161
afhq_dog_014799,2,afhq_cat_013344
afhq_dog_014799,3,afhq_cat_013740
afhq_dog_014799,4,afhq_cat_016010
afhq_dog_014799,5,afhq_cat_015803
afhq_dog_014799,6,afhq_cat_013235
afhq_dog_014799,7,afhq_cat_010323
afhq_dog_014799,8,afhq_cat_011066
afhq_dog_014799,9,afhq_cat_010958
afhq_dog_014799,10,afhq_cat_015827
afhq_dog_014799,11,afhq_cat_012643
afhq_dog_014799,12,afhq_cat_010606
afhq_dog_014799,13,afhq_cat_015813
afhq_dog_014799,14,afhq_cat_014393
afhq_dog_014799,15,afhq_cat_012494
afhq_dog_002564,1,afhq_cat_011549
afhq_dog_002564,2,afhq_cat_012941
afhq_dog_002564,3,afhq_cat_013829
afhq_dog_002564,4,afhq_cat_013328
afhq_dog_002564,5,afhq_cat_010550
afhq_dog_002564,6,afhq_cat_009880
afhq_dog_002564,7,afhq_cat_013999
afhq_dog_002564,8,afhq_cat_012821
afhq_dog_002564,9,afhq_cat_014211
afhq_dog_002564,10,afhq_cat_012150
afhq_dog_002564,11,afhq_cat_010324
afhq_dog_002564,12,afhq_cat_014258
afhq_dog_002564,13,afhq_cat_013159
afhq_dog_002564,14,afhq_cat_012598
afhq_dog_002564,15,afhq_cat_014124
afhq_dog_001016,1,afhq_cat_013174
afhq_dog_001016,2,afhq_cat_010210
afhq_dog_001016,3,afhq_cat_015634
afhq_dog_001016,4,afhq_cat_012990
afhq_dog_001016,5,afhq_cat_015968
afhq_dog_001016,6,afhq_cat_014383
afhq_dog_001016,7,afhq_cat_012639
afhq_dog_001016,8,afhq_cat_016052
afhq_dog_001016,9,afhq_cat_011563
afhq_dog_001016,10,afhq_cat_013740
afhq_dog_001016,11,afhq_cat_013161
afhq_dog_001016,12,afhq_cat_013935
afhq_dog_001016,13,afhq_cat_010238
afhq_dog_001016,14,afhq_cat_009629
afhq_dog_001016,15,afhq_cat_012720
afhq_dog_015076,1,afhq_cat_013770
afhq_dog_015076,2,afhq_cat_015871
afhq_dog_015076,3,afhq_cat_013305
afhq_dog_015076,4,afhq_cat_010044
afhq_dog_015076,5,afhq_cat_012236
afhq_dog_015076,6,afhq_cat_013235
afhq_dog_015076,7,afhq_cat_009618
afhq_dog_015076,8,afhq_cat_011597
afhq_dog_015076,9,afhq_cat_013932
afhq_dog_015076,10,afhq_cat_012647
afhq_dog_015076,11,afhq_cat_013967
afhq_dog_015076,12,afhq_cat_009525
afhq_dog_015076,13,afhq_cat_013344
afhq_dog_015076,14,afhq_cat_013318
afhq_dog_015076,15,afhq_cat_009942
afhq_dog_000331,1,afhq_cat_012941
afhq_dog_000331,2,afhq_cat_014211
afhq_dog_000331,3,afhq_cat_013450
afhq_dog_000331,4,afhq_cat_010112
afhq_dog_000331,5,afhq_cat_011967
afhq_dog_000331,6,afhq_cat_013442
afhq_dog_000331,7,afhq_cat_014126
afhq_dog_000331,8,afhq_cat_013829
afhq_dog_000331,9,afhq_cat_011196
afhq_dog_000331,10,afhq_cat_010897
afhq_dog_000331,11,afhq_cat_011413
afhq_dog_000331,12,afhq_cat_012329
afhq_dog_000331,13,afhq_cat_011191
afhq_dog_000331,14,afhq_cat_010044
afhq_dog_000331,15,afhq_cat_013770
afhq_dog_002439,1,afhq_cat_012772
afhq_dog_002439,2,afhq_cat_012786
afhq_dog_002439,3,afhq_cat_011027
afhq_dog_002439,4,afhq_cat_009525
afhq_dog_002439,5,afhq_cat_014169
afhq_dog_002439,6,afhq_cat_013491
afhq_dog_002439,7,afhq_cat_011563
afhq_dog_002439,8,afhq_cat_015871
afhq_dog_002439,9,afhq_cat_012150
afhq_dog_002439,10,afhq_cat_011265
afhq_dog_002439,11,afhq_cat_013286
afhq_dog_002439,12,afhq_cat_013006
afhq_dog_002439,13,afhq_cat_012989
afhq_dog_002439,14,afhq_cat_012091
afhq_dog_002439,15,afhq_cat_013793
afhq_dog_003644,1,afhq_cat_010107
afhq_dog_003644,2,afhq_cat_011597
afhq_dog_003644,3,afhq_cat_009618
afhq_dog_003644,4,afhq_cat_012206
afhq_dog_003644,5,afhq_cat_009880
afhq_dog_003644,6,afhq_cat_012329
afhq_dog_003644,7,afhq_cat_010550
afhq_dog_003644,8,afhq_cat_014094
afhq_dog_003644,9,afhq_cat_010390
afhq_dog_003644,10,afhq_cat_012236
afhq_dog_003644,11,afhq_cat_013829
afhq_dog_003644,12,afhq_cat_014126
afhq_dog_003644,13,afhq_cat_015801
afhq_dog_003644,14,afhq_cat_010911
afhq_dog_003644,15,afhq_cat_010011
afhq_dog_002823,1,afhq_cat_013286
afhq_dog_002823,2,afhq_cat_010323
afhq_dog_002823,3,afhq_cat_013793
afhq_dog_002823,4,afhq_cat_012985
afhq_dog_002823,5,afhq_cat_014365
afhq_dog_002823,6,afhq_cat_010820
afhq_dog_002823,7,afhq_cat_011027
afhq_dog_002823,8,afhq_cat_010210
afhq_dog_002823,9,afhq_cat_012647
afhq_dog_002823,10,afhq_cat_009942
afhq_dog_002823,11,afhq_cat_010289
afhq_dog_002823,12,afhq_cat_012206
afhq_dog_002823,13,afhq_cat_013174
afhq_dog_002823,14,afhq_cat_011573
afhq_dog_002823,15,afhq_cat_009710
afhq_dog_003392,1,afhq_cat_010815
afhq_dog_003392,2,afhq_cat_014365
afhq_dog_003392,3,afhq_cat_015801
afhq_dog_003392,4,afhq_cat_013159
afhq_dog_003392,5,afhq_cat_013451
afhq_dog_003392,6,afhq_cat_012682
afhq_dog_003392,7,afhq_cat_012091
afhq_dog_003392,8,afhq_cat_013261
afhq_dog_003392,9,afhq_cat_013235
afhq_dog_003392,10,afhq_cat_016052
afhq_dog_003392,11,afhq_cat_009884
afhq_dog_003392,12,afhq_cat_012307
afhq_dog_003392,13,afhq_cat_011399
afhq_dog_003392,14,afhq_cat_011932
afhq_dog_003392,15,afhq_cat_015964
afhq_dog_004238,1,afhq_cat_012149
afhq_dog_004238,2,afhq_cat_010815
afhq_dog_004238,3,afhq_cat_012513
afhq_dog_004238,4,afhq_cat_012598
afhq_dog_004238,5,afhq_cat_010067
afhq_dog_004238,6,afhq_cat_013450
afhq_dog_004238,7,afhq_cat_012072
afhq_dog_004238,8,afhq_cat_014124
afhq_dog_004238,9,afhq_cat_012307
afhq_dog_004238,10,afhq_cat_013614
afhq_dog_004238,11,afhq_cat_013866
afhq_dog_004238,12,afhq_cat_013697
afhq_dog_004238,13,afhq_cat_013344
afhq_dog_004238,14,afhq_cat_012724
afhq_dog_004238,15,afhq_cat_010313
afhq_dog_001998,1,afhq_cat_012091
afhq_dog_001998,2,afhq_cat_012996
afhq_dog_001998,3,afhq_cat_009710
afhq_dog_001998,4,afhq_cat_011460
afhq_dog_001998,5,afhq_cat_013467
afhq_dog_001998,6,afhq_cat_010820
afhq_dog_001998,7,afhq_cat_014548
afhq_dog_001998,8,afhq_cat_012279
afhq_dog_001998,9,afhq_cat_013176
afhq_dog_001998,10,afhq_cat_013235
afhq_dog_001998,11,afhq_cat_012150
afhq_dog_001998,12,afhq_cat_010324
afhq_dog_001998,13,afhq_cat_013967
afhq_dog_001998,14,afhq_cat_014258
afhq_dog_001998,15,afhq_cat_012647
afhq_dog_002881,1,afhq_cat_014110
afhq_dog_002881,2,afhq_cat_010210
afhq_dog_002881,3,afhq_cat_010501
afhq_dog_002881,4,afhq_cat_015788
afhq_dog_002881,5,afhq_cat_012307
afhq_dog_002881,6,afhq_cat_010038
afhq_dog_002881,7,afhq_cat_013614
afhq_dog_002881,8,afhq_cat_012941
afhq_dog_002881,9,afhq_cat_013697
afhq_dog_002881,10,afhq_cat_012598
afhq_dog_002881,11,afhq_cat_012724
afhq_dog_002881,12,afhq_cat_009942
afhq_dog_002881,13,afhq_cat_009957
afhq_dog_002881,14,afhq_cat_012329
afhq_dog_002881,15,afhq_cat_013286
afhq_dog_003018,1,afhq_cat_010911
afhq_dog_003018,2,afhq_cat_012460
afhq_dog_003018,3,afhq_cat_013829
afhq_dog_003018,4,afhq_cat_011196
afhq_dog_003018,5,afhq_cat_013151
afhq_dog_003018,6,afhq_cat_013122
afhq_dog_003018,7,afhq_cat_009629
afhq_dog_003018,8,afhq_cat_013344
afhq_dog_003018,9,afhq_cat_015791
afhq_dog_003018,10,afhq_cat_012276
afhq_dog_003018,11,afhq_cat_012639
afhq_dog_003018,12,afhq_cat_014383
afhq_dog_003018,13,afhq_cat_015871
afhq_dog_003018,14,afhq_cat_013770
afhq_dog_003018,15,afhq_cat_010323
afhq_dog_002657,1,afhq_cat_013214
afhq_dog_002657,2,afhq_cat_013829
afhq_dog_002657,3,afhq_cat_014124
afhq_dog_002657,4,afhq_cat_013770
afhq_dog_002657,5,afhq_cat_009880
afhq_dog_002657,6,afhq_cat_010623
afhq_dog_002657,7,afhq_cat_011967
afhq_dog_002657,8,afhq_cat_014514
afhq_dog_002657,9,afhq_cat_013866
afhq_dog_002657,10,afhq_cat_012647
afhq_dog_002657,11,afhq_cat_010652
afhq_dog_002657,12,afhq_cat_015982
afhq_dog_002657,13,afhq_cat_012276
afhq_dog_002657,14,afhq_cat_013999
afhq_dog_002657,15,afhq_cat_010820
afhq_dog_003100,1,afhq_cat_015702
afhq_dog_003100,2,afhq_cat_014078
afhq_dog_003100,3,afhq_cat_013235
afhq_dog_003100,4,afhq_cat_011311
afhq_dog_003100,5,afhq_cat_013697
afhq_dog_003100,6,afhq_cat_012307
afhq_dog_003100,7,afhq_cat_013101
afhq_dog_003100,8,afhq_cat_011067
afhq_dog_003100,9,afhq_cat_012279
afhq_dog_003100,10,afhq_cat_012724
afhq_dog_003100,11,afhq_cat_014024
afhq_dog_003100,12,afhq_cat_010011
afhq_dog_003100,13,afhq_cat_012236
afhq_dog_003100,14,afhq_cat_013614
afhq_dog_003100,15,afhq_cat_015964
afhq_dog_004391,1,afhq_cat_013235
afhq_dog_004391,2,afhq_cat_012643
afhq_dog_004391,3,afhq_cat_010606
afhq_dog_004391,4,afhq_cat_010820
afhq_dog_004391,5,afhq_cat_013967
afhq_dog_004391,6,afhq_cat_012647
afhq_dog_004391,7,afhq_cat_011460
afhq_dog_004391,8,afhq_cat_009710
afhq_dog_004391,9,afhq_cat_009942
afhq_dog_004391,10,afhq_cat_013122
afhq_dog_004391,11,afhq_cat_013286
afhq_dog_004391,12,afhq_cat_013450
afhq_dog_004391,13,afhq_cat_015801
afhq_dog_004391,14,afhq_cat_014548
afhq_dog_004391,15,afhq_cat_010911
afhq_dog_001968,1,afhq_cat_012892
afhq_dog_001968,2,afhq_cat_013908
afhq_dog_001968,3,afhq_cat_011049
afhq_dog_001968,4,afhq_cat_010038
afhq_dog_001968,5,afhq_cat_011563
afhq_dog_001968,6,afhq_cat_009618
afhq_dog_001968,7,afhq_cat_010136
afhq_dog_001968,8,afhq_cat_010897
afhq_dog_001968,9,afhq_cat_009880
afhq_dog_001968,10,afhq_cat_014124
afhq_dog_001968,11,afhq_cat_013344
afhq_dog_001968,12,afhq_cat_011798
afhq_dog_001968,13,afhq_cat_013829
afhq_dog_001968,14,afhq_cat_011932
afhq_dog_001968,15,afhq_cat_011260
afhq_dog_000001,1,afhq_cat_012372
afhq_dog_000001,2,afhq_cat_012772
afhq_dog_000001,3,afhq_cat_011027
afhq_dog_000001,4,afhq_cat_012996
afhq_dog_000001,5,afhq_cat_011834
afhq_dog_000001,6,afhq_cat_012307
afhq_dog_000001,7,afhq_cat_013697
afhq_dog_000001,8,afhq_cat_013328
afhq_dog_000001,9,afhq_cat_015697
afhq_dog_000001,10,afhq_cat_012724
afhq_dog_000001,11,afhq_cat_010017
afhq_dog_000001,12,afhq_cat_014199
afhq_dog_000001,13,afhq_cat_014258
afhq_dog_000001,14,afhq_cat_013491
afhq_dog_000001,15,afhq_cat_015773
afhq_dog_002388,1,afhq_cat_010382
afhq_dog_002388,2,afhq_cat_010238
afhq_dog_002388,3,afhq_cat_009884
afhq_dog_002388,4,afhq_cat_013305
afhq_dog_002388,5,afhq_cat_011196
afhq_dog_002388,6,afhq_cat_012091
afhq_dog_002388,7,afhq_cat_015803
afhq_dog_002388,8,afhq_cat_014514
afhq_dog_002388,9,afhq_cat_014024
afhq_dog_002388,10,afhq_cat_012639
afhq_dog_002388,11,afhq_cat_012821
afhq_dog_002388,12,afhq_cat_010112
afhq_dog_002388,13,afhq_cat_012463
afhq_dog_002388,14,afhq_cat_010136
afhq_dog_002388,15,afhq_cat_013174
afhq_dog_003636,1,afhq_cat_012720
afhq_dog_003636,2,afhq_cat_013793
afhq_dog_003636,3,afhq_cat_011174
afhq_dog_003636,4,afhq_cat_015791
afhq_dog_003636,5,afhq_cat_015803
afhq_dog_003636,6,afhq_cat_010557
afhq_dog_003636,7,afhq_cat_015634
afhq_dog_003636,8,afhq_cat_014479
afhq_dog_003636,9,afhq_cat_010382
afhq_dog_003636,10,afhq_cat_014119
afhq_dog_003636,11,afhq_cat_009773
afhq_dog_003636,12,afhq_cat_015825
afhq_dog_003636,13,afhq_cat_014365
afhq_dog_003636,14,afhq_cat_012786
afhq_dog_003636,15,afhq_cat_012985
afhq_dog_003985,1,afhq_cat_010416
afhq_dog_003985,2,afhq_cat_012198
afhq_dog_003985,3,afhq_cat_011834
afhq_dog_003985,4,afhq_cat_012279
afhq_dog_003985,5,afhq_cat_011621
afhq_dog_003985,6,afhq_cat_013932
afhq_dog_003985,7,afhq_cat_012044
afhq_dog_003985,8,afhq_cat_009710
afhq_dog_003985,9,afhq_cat_011902
afhq_dog_003985,10,afhq_cat_016052
afhq_dog_003985,11,afhq_cat_010151
afhq_dog_003985,12,afhq_cat_013176
afhq_dog_003985,13,afhq_cat_010376
afhq_dog_003985,14,afhq_cat_013159
afhq_dog_003985,15,afhq_cat_012990
afhq_dog_003924,1,afhq_cat_014258
afhq_dog_003924,2,afhq_cat_014548
afhq_dog_003924,3,afhq_cat_012460
afhq_dog_003924,4,afhq_cat_009710
afhq_dog_003924,5,afhq_cat_014211
afhq_dog_003924,6,afhq_cat_014365
afhq_dog_003924,7,afhq_cat_011399
afhq_dog_003924,8,afhq_cat_011639
afhq_dog_003924,9,afhq_cat_009644
afhq_dog_003924,10,afhq_cat_010208
afhq_dog_003924,11,afhq_cat_013450
afhq_dog_003924,12,afhq_cat_010210
afhq_dog_003924,13,afhq_cat_015634
afhq_dog_003924,14,afhq_cat_010848
afhq_dog_003924,15,afhq_cat_013318
afhq_dog_000129,1,afhq_cat_012662
afhq_dog_000129,2,afhq_cat_009773
afhq_dog_000129,3,afhq_cat_014578
afhq_dog_000129,4,afhq_cat_015827
afhq_dog_000129,5,afhq_cat_014119
afhq_dog_000129,6,afhq_cat_013214
afhq_dog_000129,7,afhq_cat_011413
afhq_dog_000129,8,afhq_cat_012463
afhq_dog_000129,9,afhq_cat_009669
afhq_dog_000129,10,afhq_cat_009544
afhq_dog_000129,11,afhq_cat_013151
afhq_dog_000129,12,afhq_cat_010686
afhq_dog_000129,13,afhq_cat_015851
afhq_dog_000129,14,afhq_cat_010136
afhq_dog_000129,15,afhq_cat_011363
afhq_dog_014645,1,afhq_cat_013579
afhq_dog_014645,2,afhq_cat_013652
afhq_dog_014645,3,afhq_cat_013793
afhq_dog_014645,4,afhq_cat_010390
afhq_dog_014645,5,afhq_cat_011265
afhq_dog_014645,6,afhq_cat_014094
afhq_dog_014645,7,afhq_cat_015876
afhq_dog_014645,8,afhq_cat_009682
afhq_dog_014645,9,afhq_cat_014479
afhq_dog_014645,10,afhq_cat_010815
afhq_dog_014645,11,afhq_cat_011191
afhq_dog_014645,12,afhq_cat_013242
afhq_dog_014645,13,afhq_cat_012786
afhq_dog_014645,14,afhq_cat_010313
afhq_dog_014645,15,afhq_cat_012989
afhq_dog_004406,1,afhq_cat_012460
afhq_dog_004406,2,afhq_cat_010744
afhq_dog_004406,3,afhq_cat_014080
afhq_dog_004406,4,afhq_cat_015876
afhq_dog_004406,5,afhq_cat_011182
afhq_dog_004406,6,afhq_cat_011501
afhq_dog_004406,7,afhq_cat_012149
afhq_dog_004406,8,afhq_cat_014383
afhq_dog_004406,9,afhq_cat_012786
afhq_dog_004406,10,afhq_cat_010557
afhq_dog_004406,11,afhq_cat_013932
afhq_dog_004406,12,afhq_cat_012835
afhq_dog_004406,13,afhq_cat_009957
afhq_dog_004406,14,afhq_cat_011639
afhq_dog_004406,15,afhq_cat_010050
afhq_dog_001928,1,afhq_cat_013442
afhq_dog_001928,2,afhq_cat_011967
afhq_dog_001928,3,afhq_cat_014211
afhq_dog_001928,4,afhq_cat_012941
afhq_dog_001928,5,afhq_cat_012150
afhq_dog_001928,6,afhq_cat_010550
afhq_dog_001928,7,afhq_cat_012662
afhq_dog_001928,8,afhq_cat_010420
afhq_dog_001928,9,afhq_cat_014514
afhq_dog_001928,10,afhq_cat_010106
afhq_dog_001928,11,afhq_cat_010557
afhq_dog_001928,12,afhq_cat_011191
afhq_dog_001928,13,afhq_cat_013829
afhq_dog_001928,14,afhq_cat_012989
afhq_dog_001928,15,afhq_cat_013614
afhq_dog_003628,1,afhq_cat_012460
afhq_dog_003628,2,afhq_cat_015876
afhq_dog_003628,3,afhq_cat_014383
afhq_dog_003628,4,afhq_cat_013214
afhq_dog_003628,5,afhq_cat_010686
afhq_dog_003628,6,afhq_cat_010335
afhq_dog_003628,7,afhq_cat_013793
afhq_dog_003628,8,afhq_cat_013932
afhq_dog_003628,9,afhq_cat_010041
afhq_dog_003628,10,afhq_cat_015968
afhq_dog_003628,11,afhq_cat_014080
afhq_dog_003628,12,afhq_cat_009525
afhq_dog_003628,13,afhq_cat_014578
afhq_dog_003628,14,afhq_cat_010557
afhq_dog_003628,15,afhq_cat_012786
afhq_dog_000762,1,afhq_cat_014500
afhq_dog_000762,2,afhq_cat_013829
afhq_dog_000762,3,afhq_cat_015733
afhq_dog_000762,4,afhq_cat_015871
afhq_dog_000762,5,afhq_cat_012941
afhq_dog_000762,6,afhq_cat_013328
afhq_dog_000762,7,afhq_cat_010652
afhq_dog_000762,8,afhq_cat_009544
afhq_dog_000762,9,afhq_cat_009942
afhq_dog_000762,10,afhq_cat_011549
afhq_dog_000762,11,afhq_cat_010550
afhq_dog_000762,12,afhq_cat_012276
afhq_dog_000762,13,afhq_cat_013242
afhq_dog_000762,14,afhq_cat_012598
afhq_dog_000762,15,afhq_cat_010050
afhq_dog_003356,1,afhq_cat_013101
afhq_dog_003356,2,afhq_cat_011356
afhq_dog_003356,3,afhq_cat_013467
afhq_dog_003356,4,afhq_cat_011457
afhq_dog_003356,5,afhq_cat_010067
afhq_dog_003356,6,afhq_cat_010652
afhq_dog_003356,7,afhq_cat_012647
afhq_dog_003356,8,afhq_cat_014258
afhq_dog_003356,9,afhq_cat_014420
afhq_dog_003356,10,afhq_cat_010011
afhq_dog_003356,11,afhq_cat_014365
afhq_dog_003356,12,afhq_cat_013451
afhq_dog_003356,13,afhq_cat_015827
afhq_dog_003356,14,afhq_cat_013579
afhq_dog_003356,15,afhq_cat_010820
afhq_dog_002745,1,afhq_cat_010848
afhq_dog_002745,2,afhq_cat_012206
afhq_dog_002745,3,afhq_cat_016046
afhq_dog_002745,4,afhq_cat_009688
afhq_dog_002745,5,afhq_cat_012996
afhq_dog_002745,6,afhq_cat_012985
afhq_dog_002745,7,afhq_cat_015975
afhq_dog_002745,8,afhq_cat_013467
afhq_dog_002745,9,afhq_cat_010011
afhq_dog_002745,10,afhq_cat_012198
afhq_dog_002745,11,afhq_cat_012494
afhq_dog_002745,12,afhq_cat_013286
afhq_dog_002745,13,afhq_cat_012574
afhq_dog_002745,14,afhq_cat_012647
afhq_dog_002745,15,afhq_cat_013793
afhq_dog_000896,1,afhq_cat_014169
afhq_dog_000896,2,afhq_cat_014110
afhq_dog_000896,3,afhq_cat_010106
afhq_dog_000896,4,afhq_cat_009942
afhq_dog_000896,5,afhq_cat_011399
afhq_dog_000896,6,afhq_cat_013450
afhq_dog_000896,7,afhq_cat_013908
afhq_dog_000896,8,afhq_cat_015827
afhq_dog_000896,9,afhq_cat_010387
afhq_dog_000896,10,afhq_cat_014548
afhq_dog_000896,11,afhq_cat_015634
afhq_dog_000896,12,afhq_cat_015820
afhq_dog_000896,13,afhq_cat_012941
afhq_dog_000896,14,afhq_cat_010323
afhq_dog_000896,15,afhq_cat_011932
afhq_dog_002378,1,afhq_cat_014110
afhq_dog_002378,2,afhq_cat_011545
afhq_dog_002378,3,afhq_cat_014211
afhq_dog_002378,4,afhq_cat_013159
afhq_dog_002378,5,afhq_cat_011932
afhq_dog_002378,6,afhq_cat_012279
afhq_dog_002378,7,afhq_cat_014502
afhq_dog_002378,8,afhq_cat_014058
afhq_dog_002378,9,afhq_cat_015801
afhq_dog_002378,10,afhq_cat_014420
afhq_dog_002378,11,afhq_cat_009773
afhq_dog_002378,12,afhq_cat_014548
afhq_dog_002378,13,afhq_cat_014199
afhq_dog_002378,14,afhq_cat_012639
afhq_dog_002378,15,afhq_cat_012892
afhq_dog_014680,1,afhq_cat_014383
afhq_dog_014680,2,afhq_cat_013932
afhq_dog_014680,3,afhq_cat_010041
afhq_dog_014680,4,afhq_cat_013090
afhq_dog_014680,5,afhq_cat_013101
afhq_dog_014680,6,afhq_cat_010335
afhq_dog_014680,7,afhq_cat_015825
afhq_dog_014680,8,afhq_cat_011356
afhq_dog_014680,9,afhq_cat_013451
afhq_dog_014680,10,afhq_cat_012513
afhq_dog_014680,11,afhq_cat_014514
afhq_dog_014680,12,afhq_cat_014420
afhq_dog_014680,13,afhq_cat_010313
afhq_dog_014680,14,afhq_cat_012072
afhq_dog_014680,15,afhq_cat_010099
afhq_dog_003271,1,afhq_cat_014502
afhq_dog_003271,2,afhq_cat_012662
afhq_dog_003271,3,afhq_cat_010151
afhq_dog_003271,4,afhq_cat_010106
afhq_dog_003271,5,afhq_cat_013442
afhq_dog_003271,6,afhq_cat_015803
afhq_dog_003271,7,afhq_cat_014365
afhq_dog_003271,8,afhq_cat_010210
afhq_dog_003271,9,afhq_cat_011460
afhq_dog_003271,10,afhq_cat_013122
afhq_dog_003271,11,afhq_cat_012898
afhq_dog_003271,12,afhq_cat_015634
afhq_dog_003271,13,afhq_cat_014258
afhq_dog_003271,14,afhq_cat_015886
afhq_dog_003271,15,afhq_cat_015982
afhq_dog_014761,1,afhq_cat_013242
afhq_dog_014761,2,afhq_cat_010848
afhq_dog_014761,3,afhq_cat_015871
afhq_dog_014761,4,afhq_cat_012150
afhq_dog_014761,5,afhq_cat_013161
afhq_dog_014761,6,afhq_cat_012985
afhq_dog_014761,7,afhq_cat_013344
afhq_dog_014761,8,afhq_cat_014094
afhq_dog_014761,9,afhq_cat_011027
afhq_dog_014761,10,afhq_cat_013932
afhq_dog_014761,11,afhq_cat_012372
afhq_dog_014761,12,afhq_cat_010323
afhq_dog_014761,13,afhq_cat_009688
afhq_dog_014761,14,afhq_cat_013793
afhq_dog_014761,15,afhq_cat_009618
afhq_dog_002517,1,afhq_cat_012892
afhq_dog_002517,2,afhq_cat_010897
afhq_dog_002517,3,afhq_cat_013908
afhq_dog_002517,4,afhq_cat_011049
afhq_dog_002517,5,afhq_cat_009884
afhq_dog_002517,6,afhq_cat_011621
afhq_dog_002517,7,afhq_cat_013006
afhq_dog_002517,8,afhq_cat_009644
afhq_dog_002517,9,afhq_cat_009760
afhq_dog_002517,10,afhq_cat_012990
afhq_dog_002517,11,afhq_cat_016015
afhq_dog_002517,12,afhq_cat_014024
afhq_dog_002517,13,afhq_cat_010130
afhq_dog_002517,14,afhq_cat_011932
afhq_dog_002517,15,afhq_cat_010958
afhq_dog_000345,1,afhq_cat_014024
afhq_dog_000345,2,afhq_cat_011903
afhq_dog_000345,3,afhq_cat_012806
afhq_dog_000345,4,afhq_cat_013221
afhq_dog_000345,5,afhq_cat_014199
afhq_dog_000345,6,afhq_cat_015886
afhq_dog_000345,7,afhq_cat_010044
afhq_dog_000345,8,afhq_cat_013006
afhq_dog_000345,9,afhq_cat_011834
afhq_dog_000345,10,afhq_cat_013174
afhq_dog_000345,11,afhq_cat_015820
afhq_dog_000345,12,afhq_cat_013261
afhq_dog_000345,13,afhq_cat_013168
afhq_dog_000345,14,afhq_cat_010815
afhq_dog_000345,15,afhq_cat_012990
afhq_dog_003796,1,afhq_cat_010686
afhq_dog_003796,2,afhq_cat_014578
afhq_dog_003796,3,afhq_cat_011597
afhq_dog_003796,4,afhq_cat_013214
afhq_dog_003796,5,afhq_cat_009618
afhq_dog_003796,6,afhq_cat_010550
afhq_dog_003796,7,afhq_cat_014199
afhq_dog_003796,8,afhq_cat_012149
afhq_dog_003796,9,afhq_cat_010011
afhq_dog_003796,10,afhq_cat_010387
afhq_dog_003796,11,afhq_cat_015820
afhq_dog_003796,12,afhq_cat_013006
afhq_dog_003796,13,afhq_cat_013829
afhq_dog_003796,14,afhq_cat_012647
afhq_dog_003796,15,afhq_cat_010050
afhq_dog_002861,1,afhq_cat_012898
afhq_dog_002861,2,afhq_cat_016000
afhq_dog_002861,3,afhq_cat_013176
afhq_dog_002861,4,afhq_cat_014110
afhq_dog_002861,5,afhq_cat_016052
afhq_dog_002861,6,afhq_cat_013328
afhq_dog_002861,7,afhq_cat_011399
afhq_dog_002861,8,afhq_cat_011932
afhq_dog_002861,9,afhq_cat_010238
afhq_dog_002861,10,afhq_cat_012279
afhq_dog_002861,11,afhq_cat_009884
afhq_dog_002861,12,afhq_cat_015773
afhq_dog_002861,13,afhq_cat_010897
afhq_dog_002861,14,afhq_cat_010376
afhq_dog_002861,15,afhq_cat_015964
afhq_dog_003531,1,afhq_cat_014058
afhq_dog_003531,2,afhq_cat_015801
afhq_dog_003531,3,afhq_cat_014548
afhq_dog_003531,4,afhq_cat_011460
afhq_dog_003531,5,afhq_cat_013967
afhq_dog_003531,6,afhq_cat_011218
afhq_dog_003531,7,afhq_cat_014500
afhq_dog_003531,8,afhq_cat_014126
afhq_dog_003531,9,afhq_cat_010958
afhq_dog_003531,10,afhq_cat_013305
afhq_dog_003531,11,afhq_cat_016052
afhq_dog_003531,12,afhq_cat_014285
afhq_dog_003531,13,afhq_cat_010390
afhq_dog_003531,14,afhq_cat_012639
afhq_dog_003531,15,afhq_cat_016000
afhq_dog_001604,1,afhq_cat_011363
afhq_dog_001604,2,afhq_cat_013967
afhq_dog_001604,3,afhq_cat_013451
afhq_dog_001604,4,afhq_cat_010416
afhq_dog_001604,5,afhq_cat_012941
afhq_dog_001604,6,afhq_cat_012279
afhq_dog_001604,7,afhq_cat_011265
afhq_dog_001604,8,afhq_cat_011196
afhq_dog_001604,9,afhq_cat_015820
afhq_dog_001604,10,afhq_cat_010376
afhq_dog_001604,11,afhq_cat_012806
afhq_dog_001604,12,afhq_cat_013697
afhq_dog_001604,13,afhq_cat_009957
afhq_dog_001604,14,afhq_cat_010805
afhq_dog_001604,15,afhq_cat_014365
afhq_dog_000964,1,afhq_cat_010099
afhq_dog_000964,2,afhq_cat_011992
afhq_dog_000964,3,afhq_cat_015733
afhq_dog_000964,4,afhq_cat_013793
afhq_dog_000964,5,afhq_cat_009525
afhq_dog_000964,6,afhq_cat_013579
afhq_dog_000964,7,afhq_cat_012149
afhq_dog_000964,8,afhq_cat_010208
afhq_dog_000964,9,afhq_cat_013242
afhq_dog_000964,10,afhq_cat_010107
afhq_dog_000964,11,afhq_cat_009682
afhq_dog_000964,12,afhq_cat_013866
afhq_dog_000964,13,afhq_cat_013137
afhq_dog_000964,14,afhq_cat_014126
afhq_dog_000964,15,afhq_cat_010848
afhq_dog_002128,1,afhq_cat_010652
afhq_dog_002128,2,afhq_cat_013805
afhq_dog_002128,3,afhq_cat_010335
afhq_dog_002128,4,afhq_cat_011870
afhq_dog_002128,5,afhq_cat_014229
afhq_dog_002128,6,afhq_cat_012198
afhq_dog_002128,7,afhq_cat_011413
afhq_dog_002128,8,afhq_cat_013232
afhq_dog_002128,9,afhq_cat_014285
afhq_dog_002128,10,afhq_cat_013168
afhq_dog_002128,11,afhq_cat_011573
afhq_dog_002128,12,afhq_cat_013344
afhq_dog_002128,13,afhq_cat_013908
afhq_dog_002128,14,afhq_cat_010945
afhq_dog_002128,15,afhq_cat_010897
afhq_dog_000626,1,afhq_cat_014024
afhq_dog_000626,2,afhq_cat_011903
afhq_dog_000626,3,afhq_cat_012806
afhq_dog_000626,4,afhq_cat_014199
afhq_dog_000626,5,afhq_cat_015886
afhq_dog_000626,6,afhq_cat_013006
afhq_dog_000626,7,afhq_cat_011834
afhq_dog_000626,8,afhq_cat_013174
afhq_dog_000626,9,afhq_cat_015820
afhq_dog_000626,10,afhq_cat_013261
afhq_dog_000626,11,afhq_cat_010815
afhq_dog_000626,12,afhq_cat_012990
afhq_dog_000626,13,afhq_cat_010652
afhq_dog_000626,14,afhq_cat_015791
afhq_dog_000626,15,afhq_cat_010208
afhq_dog_000835,1,afhq_cat_013451
afhq_dog_000835,2,afhq_cat_013168
afhq_dog_000835,3,afhq_cat_012989
afhq_dog_000835,4,afhq_cat_012772
afhq_dog_000835,5,afhq_cat_010550
afhq_dog_000835,6,afhq_cat_012574
afhq_dog_000835,7,afhq_cat_011196
afhq_dog_000835,8,afhq_cat_013813
afhq_dog_000835,9,afhq_cat_010041
afhq_dog_000835,10,afhq_cat_015876
afhq_dog_000835,11,afhq_cat_015886
afhq_dog_000835,12,afhq_cat_014440
afhq_dog_000835,13,afhq_cat_013866
afhq_dog_000835,14,afhq_cat_010382
afhq_dog_000835,15,afhq_cat_011260
afhq_dog_002365,1,afhq_cat_013318
afhq_dog_002365,2,afhq_cat_013176
afhq_dog_002365,3,afhq_cat_010130
afhq_dog_002365,4,afhq_cat_010958
afhq_dog_002365,5,afhq_cat_011902
afhq_dog_002365,6,afhq_cat_012647
afhq_dog_002365,7,afhq_cat_013467
afhq_dog_002365,8,afhq_cat_015801
afhq_dog_002365,9,afhq_cat_013344
afhq_dog_002365,10,afhq_cat_011066
afhq_dog_002365,11,afhq_cat_014285
afhq_dog_002365,12,afhq_cat_012643
afhq_dog_002365,13,afhq_cat_014548
afhq_dog_002365,14,afhq_cat_011191
afhq_dog_002365,15,afhq_cat_012806
afhq_dog_002178,1,afhq_cat_012372
afhq_dog_002178,2,afhq_cat_012772
afhq_dog_002178,3,afhq_cat_012996
afhq_dog_002178,4,afhq_cat_011027
afhq_dog_002178,5,afhq_cat_011834
afhq_dog_002178,6,afhq_cat_013174
afhq_dog_002178,7,afhq_cat_011182
afhq_dog_002178,8,afhq_cat_013286
afhq_dog_002178,9,afhq_cat_016052
afhq_dog_002178,10,afhq_cat_013955
afhq_dog_002178,11,afhq_cat_013161
afhq_dog_002178,12,afhq_cat_013242
afhq_dog_002178,13,afhq_cat_011363
afhq_dog_002178,14,afhq_cat_012551
afhq_dog_002178,15,afhq_cat_015825
afhq_dog_000231,1,afhq_cat_013614
afhq_dog_000231,2,afhq_cat_013214
afhq_dog_000231,3,afhq_cat_012329
afhq_dog_000231,4,afhq_cat_013829
afhq_dog_000231,5,afhq_cat_014110
afhq_dog_000231,6,afhq_cat_010623
afhq_dog_000231,7,afhq_cat_012598
afhq_dog_000231,8,afhq_cat_014124
afhq_dog_000231,9,afhq_cat_014514
afhq_dog_000231,10,afhq_cat_015982
afhq_dog_000231,11,afhq_cat_013770
afhq_dog_000231,12,afhq_cat_009880
afhq_dog_000231,13,afhq_cat_010501
afhq_dog_000231,14,afhq_cat_015827
afhq_dog_000231,15,afhq_cat_009706
afhq_dog_004432,1,afhq_cat_010324
afhq_dog_004432,2,afhq_cat_011356
afhq_dog_004432,3,afhq_cat_014110
afhq_dog_004432,4,afhq_cat_013935
afhq_dog_004432,5,afhq_cat_010067
afhq_dog_004432,6,afhq_cat_012598
afhq_dog_004432,7,afhq_cat_010106
afhq_dog_004432,8,afhq_cat_013770
afhq_dog_004432,9,afhq_cat_012149
afhq_dog_004432,10,afhq_cat_009773
afhq_dog_004432,11,afhq_cat_010744
afhq_dog_004432,12,afhq_cat_013137
afhq_dog_004432,13,afhq_cat_014126
afhq_dog_004432,14,afhq_cat_010557
afhq_dog_004432,15,afhq_cat_011967
afhq_dog_002366,1,afhq_cat_013829
afhq_dog_002366,2,afhq_cat_012372
afhq_dog_002366,3,afhq_cat_011798
afhq_dog_002366,4,afhq_cat_010376
afhq_dog_002366,5,afhq_cat_014440
afhq_dog_002366,6,afhq_cat_013967
afhq_dog_002366,7,afhq_cat_012772
afhq_dog_002366,8,afhq_cat_010382
afhq_dog_002366,9,afhq_cat_012996
afhq_dog_002366,10,afhq_cat_015697
afhq_dog_002366,11,afhq_cat_013999
afhq_dog_002366,12,afhq_cat_014126
afhq_dog_002366,13,afhq_cat_011027
afhq_dog_002366,14,afhq_cat_011834
afhq_dog_002366,15,afhq_cat_012279
afhq_dog_000204,1,afhq_cat_013442
afhq_dog_000204,2,afhq_cat_012150
afhq_dog_000204,3,afhq_cat_011967
afhq_dog_000204,4,afhq_cat_014383
afhq_dog_000204,5,afhq_cat_014211
afhq_dog_000204,6,afhq_cat_012941
afhq_dog_000204,7,afhq_cat_013932
afhq_dog_000204,8,afhq_cat_010420
afhq_dog_000204,9,afhq_cat_010041
afhq_dog_000204,10,afhq_cat_012662
afhq_dog_000204,11,afhq_cat_010550
afhq_dog_000204,12,afhq_cat_011545
afhq_dog_000204,13,afhq_cat_013159
afhq_dog_000204,14,afhq_cat_015886
afhq_dog_000204,15,afhq_cat_011932
afhq_dog_004451,1,afhq_cat_009544
afhq_dog_004451,2,afhq_cat_011413
afhq_dog_004451,3,afhq_cat_010136
afhq_dog_004451,4,afhq_cat_011798
afhq_dog_004451,5,afhq_cat_009773
afhq_dog_004451,6,afhq_cat_012463
afhq_dog_004451,7,afhq_cat_010793
afhq_dog_004451,8,afhq_cat_010686
afhq_dog_004451,9,afhq_cat_011364
afhq_dog_004451,10,afhq_cat_010151
afhq_dog_004451,11,afhq_cat_012835
afhq_dog_004451,12,afhq_cat_012539
afhq_dog_004451,13,afhq_cat_013491
afhq_dog_004451,14,afhq_cat_011196
afhq_dog_004451,15,afhq_cat_010210
afhq_dog_004542,1,afhq_cat_010208
afhq_dog_004542,2,afhq_cat_012279
afhq_dog_004542,3,afhq_cat_014078
afhq_dog_004542,4,afhq_cat_013122
afhq_dog_004542,5,afhq_cat_010289
afhq_dog_004542,6,afhq_cat_010376
afhq_dog_004542,7,afhq_cat_014211
afhq_dog_004542,8,afhq_cat_011399
afhq_dog_004542,9,afhq_cat_010958
afhq_dog_004542,10,afhq_cat_013908
afhq_dog_004542,11,afhq_cat_009710
afhq_dog_004542,12,afhq_cat_011311
afhq_dog_004542,13,afhq_cat_013286
afhq_dog_004542,14,afhq_cat_010324
afhq_dog_004542,15,afhq_cat_012236
afhq_dog_000173,1,afhq_cat_010652
afhq_dog_000173,2,afhq_cat_013805
afhq_dog_000173,3,afhq_cat_010335
afhq_dog_000173,4,afhq_cat_013305
afhq_dog_000173,5,afhq_cat_012198
afhq_dog_000173,6,afhq_cat_013232
afhq_dog_000173,7,afhq_cat_011798
afhq_dog_000173,8,afhq_cat_012150
afhq_dog_000173,9,afhq_cat_010151
afhq_dog_000173,10,afhq_cat_013935
afhq_dog_000173,11,afhq_cat_013344
afhq_dog_000173,12,afhq_cat_013908
afhq_dog_000173,13,afhq_cat_014078
afhq_dog_000173,14,afhq_cat_015702
afhq_dog_000173,15,afhq_cat_010945
afhq_dog_004104,1,afhq_cat_014258
afhq_dog_004104,2,afhq_cat_010686
afhq_dog_004104,3,afhq_cat_013214
afhq_dog_004104,4,afhq_cat_012513
afhq_dog_004104,5,afhq_cat_012150
afhq_dog_004104,6,afhq_cat_014578
afhq_dog_004104,7,afhq_cat_010420
afhq_dog_004104,8,afhq_cat_009682
afhq_dog_004104,9,afhq_cat_009880
afhq_dog_004104,10,afhq_cat_014229
afhq_dog_004104,11,afhq_cat_012149
afhq_dog_004104,12,afhq_cat_009544
afhq_dog_004104,13,afhq_cat_010793
afhq_dog_004104,14,afhq_cat_009525
afhq_dog_004104,15,afhq_cat_012279
afhq_dog_014850,1,afhq_cat_011066
afhq_dog_014850,2,afhq_cat_011967
afhq_dog_014850,3,afhq_cat_012091
afhq_dog_014850,4,afhq_cat_013999
afhq_dog_014850,5,afhq_cat_016010
afhq_dog_014850,6,afhq_cat_014500
afhq_dog_014850,7,afhq_cat_014393
afhq_dog_014850,8,afhq_cat_010652
afhq_dog_014850,9,afhq_cat_013908
afhq_dog_014850,10,afhq_cat_013286
afhq_dog_014850,11,afhq_cat_009623
afhq_dog_014850,12,afhq_cat_011265
afhq_dog_014850,13,afhq_cat_013101
afhq_dog_014850,14,afhq_cat_011563
afhq_dog_014850,15,afhq_cat_009544
afhq_dog_002995,1,afhq_cat_010106
afhq_dog_002995,2,afhq_cat_014211
afhq_dog_002995,3,afhq_cat_011640
afhq_dog_002995,4,afhq_cat_010686
afhq_dog_002995,5,afhq_cat_014514
afhq_dog_002995,6,afhq_cat_011196
afhq_dog_002995,7,afhq_cat_012639
afhq_dog_002995,8,afhq_cat_010136
afhq_dog_002995,9,afhq_cat_014080
afhq_dog_002995,10,afhq_cat_013328
afhq_dog_002995,11,afhq_cat_013740
afhq_dog_002995,12,afhq_cat_014578
afhq_dog_002995,13,afhq_cat_012821
afhq_dog_002995,14,afhq_cat_015876
afhq_dog_002995,15,afhq_cat_014564
afhq_dog_000119,1,afhq_cat_011311
afhq_dog_000119,2,afhq_cat_015851
afhq_dog_000119,3,afhq_cat_013935
afhq_dog_000119,4,afhq_cat_014024
afhq_dog_000119,5,afhq_cat_010631
afhq_dog_000119,6,afhq_cat_011067
afhq_dog_000119,7,afhq_cat_012494
afhq_dog_000119,8,afhq_cat_010067
afhq_dog_000119,9,afhq_cat_014126
afhq_dog_000119,10,afhq_cat_015733
afhq_dog_000119,11,afhq_cat_012091
afhq_dog_000119,12,afhq_cat_014213
afhq_dog_000119,13,afhq_cat_014548
afhq_dog_000119,14,afhq_cat_010323
afhq_dog_000119,15,afhq_cat_013451
afhq_dog_000121,1,afhq_cat_016010
afhq_dog_000121,2,afhq_cat_011457
afhq_dog_000121,3,afhq_cat_013242
afhq_dog_000121,4,afhq_cat_011066
afhq_dog_000121,5,afhq_cat_010011
afhq_dog_000121,6,afhq_cat_009682
afhq_dog_000121,7,afhq_cat_010820
afhq_dog_000121,8,afhq_cat_012647
afhq_dog_000121,9,afhq_cat_010390
afhq_dog_000121,10,afhq_cat_013450
afhq_dog_000121,11,afhq_cat_009629
afhq_dog_000121,12,afhq_cat_010106
afhq_dog_000121,13,afhq_cat_013232
afhq_dog_000121,14,afhq_cat_014094
afhq_dog_000121,15,afhq_cat_010945
afhq_dog_003825,1,afhq_cat_012150
afhq_dog_003825,2,afhq_cat_012941
afhq_dog_003825,3,afhq_cat_010420
afhq_dog_003825,4,afhq_cat_009957
afhq_dog_003825,5,afhq_cat_014258
afhq_dog_003825,6,afhq_cat_012662
afhq_dog_003825,7,afhq_cat_015788
afhq_dog_003825,8,afhq_cat_014285
afhq_dog_003825,9,afhq_cat_013101
afhq_dog_003825,10,afhq_cat_012279
afhq_dog_003825,11,afhq_cat_011798
afhq_dog_003825,12,afhq_cat_010686
afhq_dog_003825,13,afhq_cat_015634
afhq_dog_003825,14,afhq_cat_013967
afhq_dog_003825,15,afhq_cat_016000
afhq_dog_001661,1,afhq_cat_015827
afhq_dog_001661,2,afhq_cat_013122
afhq_dog_001661,3,afhq_cat_013967
afhq_dog_001661,4,afhq_cat_013935
afhq_dog_001661,5,afhq_cat_011196
afhq_dog_001661,6,afhq_cat_014126
afhq_dog_001661,7,afhq_cat_012206
afhq_dog_001661,8,afhq_cat_012551
afhq_dog_001661,9,afhq_cat_013232
afhq_dog_001661,10,afhq_cat_009942
afhq_dog_001661,11,afhq_cat_013286
afhq_dog_001661,12,afhq_cat_012996
afhq_dog_001661,13,afhq_cat_015634
afhq_dog_001661,14,afhq_cat_015968
afhq_dog_001661,15,afhq_cat_010945
afhq_dog_014752,1,afhq_cat_013328
afhq_dog_014752,2,afhq_cat_010017
afhq_dog_014752,3,afhq_cat_013159
afhq_dog_014752,4,afhq_cat_014514
afhq_dog_014752,5,afhq_cat_012941
afhq_dog_014752,6,afhq_cat_012821
afhq_dog_014752,7,afhq_cat_012463
afhq_dog_014752,8,afhq_cat_013261
afhq_dog_014752,9,afhq_cat_011563
afhq_dog_014752,10,afhq_cat_015968
afhq_dog_014752,11,afhq_cat_015982
afhq_dog_014752,12,afhq_cat_010815
afhq_dog_014752,13,afhq_cat_013935
afhq_dog_014752,14,afhq_cat_015825
afhq_dog_014752,15,afhq_cat_012513
afhq_dog_001899,1,afhq_cat_011460
afhq_dog_001899,2,afhq_cat_010652
afhq_dog_001899,3,afhq_cat_015801
afhq_dog_001899,4,afhq_cat_013805
afhq_dog_001899,5,afhq_cat_010335
afhq_dog_001899,6,afhq_cat_010390
afhq_dog_001899,7,afhq_cat_011218
afhq_dog_001899,8,afhq_cat_010897
afhq_dog_001899,9,afhq_cat_010606
afhq_dog_001899,10,afhq_cat_012892
afhq_dog_001899,11,afhq_cat_013122
afhq_dog_001899,12,afhq_cat_012279
afhq_dog_001899,13,afhq_cat_010208
afhq_dog_001899,14,afhq_cat_013232
afhq_dog_001899,15,afhq_cat_012198
afhq_dog_001463,1,afhq_cat_011563
afhq_dog_001463,2,afhq_cat_015647
afhq_dog_001463,3,afhq_cat_013999
afhq_dog_001463,4,afhq_cat_015697
afhq_dog_001463,5,afhq_cat_011049
afhq_dog_001463,6,afhq_cat_013714
afhq_dog_001463,7,afhq_cat_010793
afhq_dog_001463,8,afhq_cat_013770
afhq_dog_001463,9,afhq_cat_012892
afhq_dog_001463,10,afhq_cat_014393
afhq_dog_001463,11,afhq_cat_012072
afhq_dog_001463,12,afhq_cat_010313
afhq_dog_001463,13,afhq_cat_012990
afhq_dog_001463,14,afhq_cat_015820
afhq_dog_001463,15,afhq_cat_012513
afhq_dog_001701,1,afhq_cat_010324
afhq_dog_001701,2,afhq_cat_013935
afhq_dog_001701,3,afhq_cat_013908
afhq_dog_001701,4,afhq_cat_014393
afhq_dog_001701,5,afhq_cat_015801
afhq_dog_001701,6,afhq_cat_012892
afhq_dog_001701,7,afhq_cat_014548
afhq_dog_001701,8,afhq_cat_009760
afhq_dog_001701,9,afhq_cat_012990
afhq_dog_001701,10,afhq_cat_011460
afhq_dog_001701,11,afhq_cat_011621
afhq_dog_001701,12,afhq_cat_012806
afhq_dog_001701,13,afhq_cat_010130
afhq_dog_001701,14,afhq_cat_010897
afhq_dog_001701,15,afhq_cat_012236
afhq_dog_003556,1,afhq_cat_013301
afhq_dog_003556,2,afhq_cat_011364
afhq_dog_003556,3,afhq_cat_013450
afhq_dog_003556,4,afhq_cat_014094
afhq_dog_003556,5,afhq_cat_010151
afhq_dog_003556,6,afhq_cat_009544
afhq_dog_003556,7,afhq_cat_013176
afhq_dog_003556,8,afhq_cat_013714
afhq_dog_003556,9,afhq_cat_010107
afhq_dog_003556,10,afhq_cat_011457
afhq_dog_003556,11,afhq_cat_012044
afhq_dog_003556,12,afhq_cat_012149
afhq_dog_003556,13,afhq_cat_015647
afhq_dog_003556,14,afhq_cat_016010
afhq_dog_003556,15,afhq_cat_013813
afhq_dog_000239,1,afhq_cat_015773
afhq_dog_000239,2,afhq_cat_013122
afhq_dog_000239,3,afhq_cat_011593
afhq_dog_000239,4,afhq_cat_010044
afhq_dog_000239,5,afhq_cat_012639
afhq_dog_000239,6,afhq_cat_011260
afhq_dog_000239,7,afhq_cat_011066
afhq_dog_000239,8,afhq_cat_011265
afhq_dog_000239,9,afhq_cat_010017
afhq_dog_000239,10,afhq_cat_011658
afhq_dog_000239,11,afhq_cat_010041
afhq_dog_000239,12,afhq_cat_015982
afhq_dog_000239,13,afhq_cat_014440
afhq_dog_000239,14,afhq_cat_009525
afhq_dog_000239,15,afhq_cat_010136
afhq_dog_000733,1,afhq_cat_010289
afhq_dog_000733,2,afhq_cat_013442
afhq_dog_000733,3,afhq_cat_011967
afhq_dog_000733,4,afhq_cat_014502
afhq_dog_000733,5,afhq_cat_014211
afhq_dog_000733,6,afhq_cat_015968
afhq_dog_000733,7,afhq_cat_014514
afhq_dog_000733,8,afhq_cat_009544
afhq_dog_000733,9,afhq_cat_015773
afhq_dog_000733,10,afhq_cat_011798
afhq_dog_000733,11,afhq_cat_011413
afhq_dog_000733,12,afhq_cat_013122
afhq_dog_000733,13,afhq_cat_010136
afhq_dog_000733,14,afhq_cat_015820
afhq_dog_000733,15,afhq_cat_013999
afhq_dog_003136,1,afhq_cat_011049
afhq_dog_003136,2,afhq_cat_013813
afhq_dog_003136,3,afhq_cat_012724
afhq_dog_003136,4,afhq_cat_014124
afhq_dog_003136,5,afhq_cat_013999
afhq_dog_003136,6,afhq_cat_013101
afhq_dog_003136,7,afhq_cat_014383
afhq_dog_003136,8,afhq_cat_010652
afhq_dog_003136,9,afhq_cat_013932
afhq_dog_003136,10,afhq_cat_010041
afhq_dog_003136,11,afhq_cat_014502
afhq_dog_003136,12,afhq_cat_013908
afhq_dog_003136,13,afhq_cat_011932
afhq_dog_003136,14,afhq_cat_014119
afhq_dog_003136,15,afhq_cat_009773
afhq_dog_003454,1,afhq_cat_011413
afhq_dog_003454,2,afhq_cat_015982
afhq_dog_003454,3,afhq_cat_013829
afhq_dog_003454,4,afhq_cat_012941
afhq_dog_003454,5,afhq_cat_013579
afhq_dog_003454,6,afhq_cat_012724
afhq_dog_003454,7,afhq_cat_013328
afhq_dog_003454,8,afhq_cat_011992
afhq_dog_003454,9,afhq_cat_010550
afhq_dog_003454,10,afhq_cat_011460
afhq_dog_003454,11,afhq_cat_009544
afhq_dog_003454,12,afhq_cat_013491
afhq_dog_003454,13,afhq_cat_009880
afhq_dog_003454,14,afhq_cat_012198
afhq_dog_003454,15,afhq_cat_013999
afhq_dog_000883,1,afhq_cat_013151
afhq_dog_000883,2,afhq_cat_012662
afhq_dog_000883,3,afhq_cat_014383
afhq_dog_000883,4,afhq_cat_009669
afhq_dog_000883,5,afhq_cat_013242
afhq_dog_000883,6,afhq_cat_010793
afhq_dog_000883,7,afhq_cat_013932
afhq_dog_000883,8,afhq_cat_010041
afhq_dog_000883,9,afhq_cat_013652
afhq_dog_000883,10,afhq_cat_014229
afhq_dog_000883,11,afhq_cat_014479
afhq_dog_000883,12,afhq_cat_013579
afhq_dog_000883,13,afhq_cat_011834
afhq_dog_000883,14,afhq_cat_014094
afhq_dog_000883,15,afhq_cat_010208
afhq_dog_004619,1,afhq_cat_011311
afhq_dog_004619,2,afhq_cat_010313
afhq_dog_004619,3,afhq_cat_012072
afhq_dog_004619,4,afhq_cat_012513
afhq_dog_004619,5,afhq_cat_010112
afhq_dog_004619,6,afhq_cat_013697
afhq_dog_004619,7,afhq_cat_010050
afhq_dog_004619,8,afhq_cat_012149
afhq_dog_004619,9,afhq_cat_011477
afhq_dog_004619,10,afhq_cat_013101
afhq_dog_004619,11,afhq_cat_014124
afhq_dog_004619,12,afhq_cat_015964
afhq_dog_004619,13,afhq_cat_013168
afhq_dog_004619,14,afhq_cat_011265
afhq_dog_004619,15,afhq_cat_012821
afhq_dog_001878,1,afhq_cat_011545
afhq_dog_001878,2,afhq_cat_013159
afhq_dog_001878,3,afhq_cat_011932
afhq_dog_001878,4,afhq_cat_013697
afhq_dog_001878,5,afhq_cat_010911
afhq_dog_001878,6,afhq_cat_013101
afhq_dog_001878,7,afhq_cat_012892
afhq_dog_001878,8,afhq_cat_011457
afhq_dog_001878,9,afhq_cat_015964
afhq_dog_001878,10,afhq_cat_014211
afhq_dog_001878,11,afhq_cat_010289
afhq_dog_001878,12,afhq_cat_012821
afhq_dog_001878,13,afhq_cat_013176
afhq_dog_001878,14,afhq_cat_014169
afhq_dog_001878,15,afhq_cat_012307
afhq_dog_004172,1,afhq_cat_013161
afhq_dog_004172,2,afhq_cat_013344
afhq_dog_004172,3,afhq_cat_013286
afhq_dog_004172,4,afhq_cat_009710
afhq_dog_004172,5,afhq_cat_011399
afhq_dog_004172,6,afhq_cat_010958
afhq_dog_004172,7,afhq_cat_010848
afhq_dog_004172,8,afhq_cat_010323
afhq_dog_004172,9,afhq_cat_015827
afhq_dog_004172,10,afhq_cat_012494
afhq_dog_004172,11,afhq_cat_010911
afhq_dog_004172,12,afhq_cat_013305
afhq_dog_004172,13,afhq_cat_012091
afhq_dog_004172,14,afhq_cat_010376
afhq_dog_004172,15,afhq_cat_010208
afhq_dog_004555,1,afhq_cat_013328
afhq_dog_004555,2,afhq_cat_010151
afhq_dog_004555,3,afhq_cat_010017
afhq_dog_004555,4,afhq_cat_011364
afhq_dog_004555,5,afhq_cat_014094
afhq_dog_004555,6,afhq_cat_014285
afhq_dog_004555,7,afhq_cat_012150
afhq_dog_004555,8,afhq_cat_010631
afhq_dog_004555,9,afhq_cat_009544
afhq_dog_004555,10,afhq_cat_014213
afhq_dog_004555,11,afhq_cat_010606
afhq_dog_004555,12,afhq_cat_010390
afhq_dog_004555,13,afhq_cat_009880
afhq_dog_004555,14,afhq_cat_014514
afhq_dog_004555,15,afhq_cat_013159
afhq_dog_000326,1,afhq_cat_010038
afhq_dog_000326,2,afhq_cat_013793
afhq_dog_000326,3,afhq_cat_009942
afhq_dog_000326,4,afhq_cat_012091
afhq_dog_000326,5,afhq_cat_012460
afhq_dog_000326,6,afhq_cat_012996
afhq_dog_000326,7,afhq_cat_012720
afhq_dog_000326,8,afhq_cat_009706
afhq_dog_000326,9,afhq_cat_013232
afhq_dog_000326,10,afhq_cat_011356
afhq_dog_000326,11,afhq_cat_011477
afhq_dog_000326,12,afhq_cat_011174
afhq_dog_000326,13,afhq_cat_010238
afhq_dog_000326,14,afhq_cat_011992
afhq_dog_000326,15,afhq_cat_013935
afhq_dog_004331,1,afhq_cat_012091
afhq_dog_004331,2,afhq_cat_015827
afhq_dog_004331,3,afhq_cat_015634
afhq_dog_004331,4,afhq_cat_010631
afhq_dog_004331,5,afhq_cat_009884
afhq_dog_004331,6,afhq_cat_012307
afhq_dog_004331,7,afhq_cat_013261
afhq_dog_004331,8,afhq_cat_011932
afhq_dog_004331,9,afhq_cat_016015
afhq_dog_004331,10,afhq_cat_011621
afhq_dog_004331,11,afhq_cat_011399
afhq_dog_004331,12,afhq_cat_012806
afhq_dog_004331,13,afhq_cat_013935
afhq_dog_004331,14,afhq_cat_014213
afhq_dog_004331,15,afhq_cat_013467
afhq_dog_002511,1,afhq_cat_011182
afhq_dog_002511,2,afhq_cat_013242
afhq_dog_002511,3,afhq_cat_012551
afhq_dog_002511,4,afhq_cat_015733
afhq_dog_002511,5,afhq_cat_014094
afhq_dog_002511,6,afhq_cat_012044
afhq_dog_002511,7,afhq_cat_011549
afhq_dog_002511,8,afhq_cat_012598
afhq_dog_002511,9,afhq_cat_009669
afhq_dog_002511,10,afhq_cat_013301
afhq_dog_002511,11,afhq_cat_012724
afhq_dog_002511,12,afhq_cat_011027
afhq_dog_002511,13,afhq_cat_012236
afhq_dog_002511,14,afhq_cat_011501
afhq_dog_002511,15,afhq_cat_013793
afhq_dog_000323,1,afhq_cat_010313
afhq_dog_000323,2,afhq_cat_012072
afhq_dog_000323,3,afhq_cat_011356
afhq_dog_000323,4,afhq_cat_012513
afhq_dog_000323,5,afhq_cat_014514
afhq_dog_000323,6,afhq_cat_012463
afhq_dog_000323,7,afhq_cat_009706
afhq_dog_000323,8,afhq_cat_010815
afhq_dog_000323,9,afhq_cat_013214
afhq_dog_000323,10,afhq_cat_013614
afhq_dog_000323,11,afhq_cat_014383
afhq_dog_000323,12,afhq_cat_012522
afhq_dog_000323,13,afhq_cat_013932
afhq_dog_000323,14,afhq_cat_010041
afhq_dog_000323,15,afhq_cat_010335
afhq_dog_002045,1,afhq_cat_013614
afhq_dog_002045,2,afhq_cat_014229
afhq_dog_002045,3,afhq_cat_012513
afhq_dog_002045,4,afhq_cat_012647
afhq_dog_002045,5,afhq_cat_010067
afhq_dog_002045,6,afhq_cat_011356
afhq_dog_002045,7,afhq_cat_009525
afhq_dog_002045,8,afhq_cat_010557
afhq_dog_002045,9,afhq_cat_012329
afhq_dog_002045,10,afhq_cat_012307
afhq_dog_002045,11,afhq_cat_012598
afhq_dog_002045,12,afhq_cat_013999
afhq_dog_002045,13,afhq_cat_011967
afhq_dog_002045,14,afhq_cat_014119
afhq_dog_002045,15,afhq_cat_013305
afhq_dog_014783,1,afhq_cat_014500
afhq_dog_014783,2,afhq_cat_015733
afhq_dog_014783,3,afhq_cat_010050
afhq_dog_014783,4,afhq_cat_013242
afhq_dog_014783,5,afhq_cat_009525
afhq_dog_014783,6,afhq_cat_009544
afhq_dog_014783,7,afhq_cat_012598
afhq_dog_014783,8,afhq_cat_013344
afhq_dog_014783,9,afhq_cat_010820
afhq_dog_014783,10,afhq_cat_011460
afhq_dog_014783,11,afhq_cat_013286
afhq_dog_014783,12,afhq_cat_015801
afhq_dog_014783,13,afhq_cat_014548
afhq_dog_014783,14,afhq_cat_014285
afhq_dog_014783,15,afhq_cat_012198
afhq_dog_003379,1,afhq_cat_010107
afhq_dog_003379,2,afhq_cat_014169
afhq_dog_003379,3,afhq_cat_010793
afhq_dog_003379,4,afhq_cat_014094
afhq_dog_003379,5,afhq_cat_010390
afhq_dog_003379,6,afhq_cat_012198
afhq_dog_003379,7,afhq_cat_010911
afhq_dog_003379,8,afhq_cat_015801
afhq_dog_003379,9,afhq_cat_012574
afhq_dog_003379,10,afhq_cat_013235
afhq_dog_003379,11,afhq_cat_011399
afhq_dog_003379,12,afhq_cat_016010
afhq_dog_003379,13,afhq_cat_013770
afhq_dog_003379,14,afhq_cat_010376
afhq_dog_003379,15,afhq_cat_010011
afhq_dog_003142,1,afhq_cat_009884
afhq_dog_003142,2,afhq_cat_011621
afhq_dog_003142,3,afhq_cat_011932
afhq_dog_003142,4,afhq_cat_012539
afhq_dog_003142,5,afhq_cat_012835
afhq_dog_003142,6,afhq_cat_014124
afhq_dog_003142,7,afhq_cat_014078
afhq_dog_003142,8,afhq_cat_013328
afhq_dog_003142,9,afhq_cat_014502
afhq_dog_003142,10,afhq_cat_010416
afhq_dog_003142,11,afhq_cat_010136
afhq_dog_003142,12,afhq_cat_012821
afhq_dog_003142,13,afhq_cat_013159
afhq_dog_003142,14,afhq_cat_013456
afhq_dog_003142,15,afhq_cat_011196
afhq_dog_003341,1,afhq_cat_011260
afhq_dog_003341,2,afhq_cat_016015
afhq_dog_003341,3,afhq_cat_013450
afhq_dog_003341,4,afhq_cat_012198
afhq_dog_003341,5,afhq_cat_013935
afhq_dog_003341,6,afhq_cat_013967
afhq_dog_003341,7,afhq_cat_013305
afhq_dog_003341,8,afhq_cat_010238
afhq_dog_003341,9,afhq_cat_015968
afhq_dog_003341,10,afhq_cat_010945
afhq_dog_003341,11,afhq_cat_013467
afhq_dog_003341,12,afhq_cat_011413
afhq_dog_003341,13,afhq_cat_013328
afhq_dog_003341,14,afhq_cat_014078
afhq_dog_003341,15,afhq_cat_009629
afhq_dog_001087,1,afhq_cat_010106
afhq_dog_001087,2,afhq_cat_013614
afhq_dog_001087,3,afhq_cat_012941
afhq_dog_001087,4,afhq_cat_014211
afhq_dog_001087,5,afhq_cat_012329
afhq_dog_001087,6,afhq_cat_010107
afhq_dog_001087,7,afhq_cat_013318
afhq_dog_001087,8,afhq_cat_014110
afhq_dog_001087,9,afhq_cat_010897
afhq_dog_001087,10,afhq_cat_010210
afhq_dog_001087,11,afhq_cat_013450
afhq_dog_001087,12,afhq_cat_009644
afhq_dog_001087,13,afhq_cat_014420
afhq_dog_001087,14,afhq_cat_010501
afhq_dog_001087,15,afhq_cat_014024
afhq_dog_004696,1,afhq_cat_010112
afhq_dog_004696,2,afhq_cat_014578
afhq_dog_004696,3,afhq_cat_013214
afhq_dog_004696,4,afhq_cat_009669
afhq_dog_004696,5,afhq_cat_009629
afhq_dog_004696,6,afhq_cat_010136
afhq_dog_004696,7,afhq_cat_015851
afhq_dog_004696,8,afhq_cat_011573
afhq_dog_004696,9,afhq_cat_011658
afhq_dog_004696,10,afhq_cat_010416
afhq_dog_004696,11,afhq_cat_013932
afhq_dog_004696,12,afhq_cat_011798
afhq_dog_004696,13,afhq_cat_010382
afhq_dog_004696,14,afhq_cat_012307
afhq_dog_004696,15,afhq_cat_013740
afhq_dog_002908,1,afhq_cat_009957
afhq_dog_002908,2,afhq_cat_011501
afhq_dog_002908,3,afhq_cat_013301
afhq_dog_002908,4,afhq_cat_011364
afhq_dog_002908,5,afhq_cat_014080
afhq_dog_002908,6,afhq_cat_014094
afhq_dog_002908,7,afhq_cat_013450
afhq_dog_002908,8,afhq_cat_012150
afhq_dog_002908,9,afhq_cat_010744
afhq_dog_002908,10,afhq_cat_015876
afhq_dog_002908,11,afhq_cat_014258
afhq_dog_002908,12,afhq_cat_013866
afhq_dog_002908,13,afhq_cat_011621
afhq_dog_002908,14,afhq_cat_013174
afhq_dog_002908,15,afhq_cat_014119
afhq_dog_002516,1,afhq_cat_009682
afhq_dog_002516,2,afhq_cat_015975
afhq_dog_002516,3,afhq_cat_013999
afhq_dog_002516,4,afhq_cat_012989
afhq_dog_002516,5,afhq_cat_012091
afhq_dog_002516,6,afhq_cat_011049
afhq_dog_002516,7,afhq_cat_012551
afhq_dog_002516,8,afhq_cat_012149
afhq_dog_002516,9,afhq_cat_014479
afhq_dog_002516,10,afhq_cat_009760
afhq_dog_002516,11,afhq_cat_013318
afhq_dog_002516,12,afhq_cat_012598
afhq_dog_002516,13,afhq_cat_014393
afhq_dog_002516,14,afhq_cat_011798
afhq_dog_002516,15,afhq_cat_014229
afhq_dog_003239,1,afhq_cat_012307
afhq_dog_003239,2,afhq_cat_013697
afhq_dog_003239,3,afhq_cat_010099
afhq_dog_003239,4,afhq_cat_012724
afhq_dog_003239,5,afhq_cat_010793
afhq_dog_003239,6,afhq_cat_014258
afhq_dog_003239,7,afhq_cat_013491
afhq_dog_003239,8,afhq_cat_011174
afhq_dog_003239,9,afhq_cat_012720
afhq_dog_003239,10,afhq_cat_009669
afhq_dog_003239,11,afhq_cat_011399
afhq_dog_003239,12,afhq_cat_014578
afhq_dog_003239,13,afhq_cat_012150
afhq_dog_003239,14,afhq_cat_010011
afhq_dog_003239,15,afhq_cat_011992
afhq_dog_000246,1,afhq_cat_013214
afhq_dog_000246,2,afhq_cat_013829
afhq_dog_000246,3,afhq_cat_014124
afhq_dog_000246,4,afhq_cat_015982
afhq_dog_000246,5,afhq_cat_013770
afhq_dog_000246,6,afhq_cat_009880
afhq_dog_000246,7,afhq_cat_012198
afhq_dog_000246,8,afhq_cat_011191
afhq_dog_000246,9,afhq_cat_009931
afhq_dog_000246,10,afhq_cat_013866
afhq_dog_000246,11,afhq_cat_013467
afhq_dog_000246,12,afhq_cat_013235
afhq_dog_000246,13,afhq_cat_012276
afhq_dog_000246,14,afhq_cat_012072
afhq_dog_000246,15,afhq_cat_010550
afhq_dog_002729,1,afhq_cat_010416
afhq_dog_002729,2,afhq_cat_012985
afhq_dog_002729,3,afhq_cat_012279
afhq_dog_002729,4,afhq_cat_009710
afhq_dog_002729,5,afhq_cat_012044
afhq_dog_002729,6,afhq_cat_016052
afhq_dog_002729,7,afhq_cat_013456
afhq_dog_002729,8,afhq_cat_011834
afhq_dog_002729,9,afhq_cat_013286
afhq_dog_002729,10,afhq_cat_013176
afhq_dog_002729,11,afhq_cat_013168
afhq_dog_002729,12,afhq_cat_013935
afhq_dog_002729,13,afhq_cat_012149
afhq_dog_002729,14,afhq_cat_012574
afhq_dog_002729,15,afhq_cat_011067
afhq_dog_000384,1,afhq_cat_012821
afhq_dog_000384,2,afhq_cat_014544
afhq_dog_000384,3,afhq_cat_012682
afhq_dog_000384,4,afhq_cat_011049
afhq_dog_000384,5,afhq_cat_010848
afhq_dog_000384,6,afhq_cat_010130
afhq_dog_000384,7,afhq_cat_010897
afhq_dog_000384,8,afhq_cat_013908
afhq_dog_000384,9,afhq_cat_014126
afhq_dog_000384,10,afhq_cat_009644
afhq_dog_000384,11,afhq_cat_016052
afhq_dog_000384,12,afhq_cat_009618
afhq_dog_000384,13,afhq_cat_013176
afhq_dog_000384,14,afhq_cat_010238
afhq_dog_000384,15,afhq_cat_011260
afhq_dog_014898,1,afhq_cat_013151
afhq_dog_014898,2,afhq_cat_012372
afhq_dog_014898,3,afhq_cat_009773
afhq_dog_014898,4,afhq_cat_010112
afhq_dog_014898,5,afhq_cat_010848
afhq_dog_014898,6,afhq_cat_012772
afhq_dog_014898,7,afhq_cat_012996
afhq_dog_014898,8,afhq_cat_011027
afhq_dog_014898,9,afhq_cat_016046
afhq_dog_014898,10,afhq_cat_011834
afhq_dog_014898,11,afhq_cat_012985
afhq_dog_014898,12,afhq_cat_011573
afhq_dog_014898,13,afhq_cat_012279
afhq_dog_014898,14,afhq_cat_009688
afhq_dog_014898,15,afhq_cat_009525
afhq_dog_001475,1,afhq_cat_011573
afhq_dog_001475,2,afhq_cat_011798
afhq_dog_001475,3,afhq_cat_012387
afhq_dog_001475,4,afhq_cat_012539
afhq_dog_001475,5,afhq_cat_013697
afhq_dog_001475,6,afhq_cat_010210
afhq_dog_001475,7,afhq_cat_010376
afhq_dog_001475,8,afhq_cat_013090
afhq_dog_001475,9,afhq_cat_011174
afhq_dog_001475,10,afhq_cat_014126
afhq_dog_001475,11,afhq_cat_013161
afhq_dog_001475,12,afhq_cat_011413
afhq_dog_001475,13,afhq_cat_010793
afhq_dog_001475,14,afhq_cat_015827
afhq_dog_001475,15,afhq_cat_011196
afhq_dog_003715,1,afhq_cat_011196
afhq_dog_003715,2,afhq_cat_013451
afhq_dog_003715,3,afhq_cat_010897
afhq_dog_003715,4,afhq_cat_010210
afhq_dog_003715,5,afhq_cat_011932
afhq_dog_003715,6,afhq_cat_011460
afhq_dog_003715,7,afhq_cat_014548
afhq_dog_003715,8,afhq_cat_009884
afhq_dog_003715,9,afhq_cat_010112
afhq_dog_003715,10,afhq_cat_011399
afhq_dog_003715,11,afhq_cat_015820
afhq_dog_003715,12,afhq_cat_012898
afhq_dog_003715,13,afhq_cat_013813
afhq_dog_003715,14,afhq_cat_011413
afhq_dog_003715,15,afhq_cat_012539
afhq_dog_001566,1,afhq_cat_010324
afhq_dog_001566,2,afhq_cat_016015
afhq_dog_001566,3,afhq_cat_011798
afhq_dog_001566,4,afhq_cat_012996
afhq_dog_001566,5,afhq_cat_015803
afhq_dog_001566,6,afhq_cat_015634
afhq_dog_001566,7,afhq_cat_012494
afhq_dog_001566,8,afhq_cat_012044
afhq_dog_001566,9,afhq_cat_015968
afhq_dog_001566,10,afhq_cat_010112
afhq_dog_001566,11,afhq_cat_011460
afhq_dog_001566,12,afhq_cat_010151
afhq_dog_001566,13,afhq_cat_014440
afhq_dog_001566,14,afhq_cat_014126
afhq_dog_001566,15,afhq_cat_010376
afhq_dog_004530,1,afhq_cat_014126
afhq_dog_004530,2,afhq_cat_012806
afhq_dog_004530,3,afhq_cat_009644
afhq_dog_004530,4,afhq_cat_011460
afhq_dog_004530,5,afhq_cat_010130
afhq_dog_004530,6,afhq_cat_012639
afhq_dog_004530,7,afhq_cat_009942
afhq_dog_004530,8,afhq_cat_016015
afhq_dog_004530,9,afhq_cat_010897
afhq_dog_004530,10,afhq_cat_010376
afhq_dog_004530,11,afhq_cat_016010
afhq_dog_004530,12,afhq_cat_013813
afhq_dog_004530,13,afhq_cat_015634
afhq_dog_004530,14,afhq_cat_012279
afhq_dog_004530,15,afhq_cat_013261
afhq_dog_003289,1,afhq_cat_009629
afhq_dog_003289,2,afhq_cat_011413
afhq_dog_003289,3,afhq_cat_010050
afhq_dog_003289,4,afhq_cat_009618
afhq_dog_003289,5,afhq_cat_009880
afhq_dog_003289,6,afhq_cat_014124
afhq_dog_003289,7,afhq_cat_012639
afhq_dog_003289,8,afhq_cat_010112
afhq_dog_003289,9,afhq_cat_012460
afhq_dog_003289,10,afhq_cat_015788
afhq_dog_003289,11,afhq_cat_013214
afhq_dog_003289,12,afhq_cat_010136
afhq_dog_003289,13,afhq_cat_010099
afhq_dog_003289,14,afhq_cat_014514
afhq_dog_003289,15,afhq_cat_011798
afhq_dog_002692,1,afhq_cat_013242
afhq_dog_002692,2,afhq_cat_012206
afhq_dog_002692,3,afhq_cat_010208
afhq_dog_002692,4,afhq_cat_014479
afhq_dog_002692,5,afhq_cat_015803
afhq_dog_002692,6,afhq_cat_015634
afhq_dog_002692,7,afhq_cat_013122
afhq_dog_002692,8,afhq_cat_010382
afhq_dog_002692,9,afhq_cat_010011
afhq_dog_002692,10,afhq_cat_010151
afhq_dog_002692,11,afhq_cat_014119
afhq_dog_002692,12,afhq_cat_014393
afhq_dog_002692,13,afhq_cat_013286
afhq_dog_002692,14,afhq_cat_011457
afhq_dog_002692,15,afhq_cat_012985
afhq_dog_002566,1,afhq_cat_013467
afhq_dog_002566,2,afhq_cat_009669
afhq_dog_002566,3,afhq_cat_010793
afhq_dog_002566,4,afhq_cat_013579
afhq_dog_002566,5,afhq_cat_015876
afhq_dog_002566,6,afhq_cat_014094
afhq_dog_002566,7,afhq_cat_011265
afhq_dog_002566,8,afhq_cat_013286
afhq_dog_002566,9,afhq_cat_013101
afhq_dog_002566,10,afhq_cat_013866
afhq_dog_002566,11,afhq_cat_010313
afhq_dog_002566,12,afhq_cat_012072
afhq_dog_002566,13,afhq_cat_015634
afhq_dog_002566,14,afhq_cat_011356
afhq_dog_002566,15,afhq_cat_012150
afhq_dog_003777,1,afhq_cat_014258
afhq_dog_003777,2,afhq_cat_013697
afhq_dog_003777,3,afhq_cat_014502
afhq_dog_003777,4,afhq_cat_013101
afhq_dog_003777,5,afhq_cat_015982
afhq_dog_003777,6,afhq_cat_011798
afhq_dog_003777,7,afhq_cat_011563
afhq_dog_003777,8,afhq_cat_015964
afhq_dog_003777,9,afhq_cat_012821
afhq_dog_003777,10,afhq_cat_012307
afhq_dog_003777,11,afhq_cat_010376
afhq_dog_003777,12,afhq_cat_011311
afhq_dog_003777,13,afhq_cat_015634
afhq_dog_003777,14,afhq_cat_014365
afhq_dog_003777,15,afhq_cat_015827
afhq_dog_015021,1,afhq_cat_012206
afhq_dog_015021,2,afhq_cat_013286
afhq_dog_015021,3,afhq_cat_012198
afhq_dog_015021,4,afhq_cat_015975
afhq_dog_015021,5,afhq_cat_009618
afhq_dog_015021,6,afhq_cat_013122
afhq_dog_015021,7,afhq_cat_013932
afhq_dog_015021,8,afhq_cat_010911
afhq_dog_015021,9,afhq_cat_013242
afhq_dog_015021,10,afhq_cat_011182
afhq_dog_015021,11,afhq_cat_015634
afhq_dog_015021,12,afhq_cat_014479
afhq_dog_015021,13,afhq_cat_010390
afhq_dog_015021,14,afhq_cat_010848
afhq_dog_015021,15,afhq_cat_014229
afhq_dog_015119,1,afhq_cat_013829
afhq_dog_015119,2,afhq_cat_012941
afhq_dog_015119,3,afhq_cat_015702
afhq_dog_015119,4,afhq_cat_014078
afhq_dog_015119,5,afhq_cat_013328
afhq_dog_015119,6,afhq_cat_010550
afhq_dog_015119,7,afhq_cat_013214
afhq_dog_015119,8,afhq_cat_009880
afhq_dog_015119,9,afhq_cat_013456
afhq_dog_015119,10,afhq_cat_013999
afhq_dog_015119,11,afhq_cat_012821
afhq_dog_015119,12,afhq_cat_009525
afhq_dog_015119,13,afhq_cat_013235
afhq_dog_015119,14,afhq_cat_013301
afhq_dog_015119,15,afhq_cat_012513
afhq_dog_001283,1,afhq_cat_010387
afhq_dog_001283,2,afhq_cat_015820
afhq_dog_001283,3,afhq_cat_014169
afhq_dog_001283,4,afhq_cat_011049
afhq_dog_001283,5,afhq_cat_010099
afhq_dog_001283,6,afhq_cat_012091
afhq_dog_001283,7,afhq_cat_013793
afhq_dog_001283,8,afhq_cat_011413
afhq_dog_001283,9,afhq_cat_015697
afhq_dog_001283,10,afhq_cat_010289
afhq_dog_001283,11,afhq_cat_009942
afhq_dog_001283,12,afhq_cat_011399
afhq_dog_001283,13,afhq_cat_012941
afhq_dog_001283,14,afhq_cat_010652
afhq_dog_001283,15,afhq_cat_012307
afhq_dog_002853,1,afhq_cat_015964
afhq_dog_002853,2,afhq_cat_011992
afhq_dog_002853,3,afhq_cat_012996
afhq_dog_002853,4,afhq_cat_013006
afhq_dog_002853,5,afhq_cat_013214
afhq_dog_002853,6,afhq_cat_012307
afhq_dog_002853,7,afhq_cat_011501
afhq_dog_002853,8,afhq_cat_012149
afhq_dog_002853,9,afhq_cat_013866
afhq_dog_002853,10,afhq_cat_011549
afhq_dog_002853,11,afhq_cat_013286
afhq_dog_002853,12,afhq_cat_011413
afhq_dog_002853,13,afhq_cat_015702
afhq_dog_002853,14,afhq_cat_011798
afhq_dog_002853,15,afhq_cat_014078
afhq_dog_002849,1,afhq_cat_010151
afhq_dog_002849,2,afhq_cat_012985
afhq_dog_002849,3,afhq_cat_013301
afhq_dog_002849,4,afhq_cat_011364
afhq_dog_002849,5,afhq_cat_013151
afhq_dog_002849,6,afhq_cat_013450
afhq_dog_002849,7,afhq_cat_014094
afhq_dog_002849,8,afhq_cat_011460
afhq_dog_002849,9,afhq_cat_011597
afhq_dog_002849,10,afhq_cat_013286
afhq_dog_002849,11,afhq_cat_015886
afhq_dog_002849,12,afhq_cat_011834
afhq_dog_002849,13,afhq_cat_009618
afhq_dog_002849,14,afhq_cat_014213
afhq_dog_002849,15,afhq_cat_013168
afhq_dog_000007,1,afhq_cat_010623
afhq_dog_000007,2,afhq_cat_013214
afhq_dog_000007,3,afhq_cat_014514
afhq_dog_000007,4,afhq_cat_013829
afhq_dog_000007,5,afhq_cat_015982
afhq_dog_000007,6,afhq_cat_009683
afhq_dog_000007,7,afhq_cat_009623
afhq_dog_000007,8,afhq_cat_014124
afhq_dog_000007,9,afhq_cat_009544
afhq_dog_000007,10,afhq_cat_015827
afhq_dog_000007,11,afhq_cat_010376
afhq_dog_000007,12,afhq_cat_009880
afhq_dog_000007,13,afhq_cat_013614
afhq_dog_000007,14,afhq_cat_013955
afhq_dog_000007,15,afhq_cat_016052
afhq_dog_003399,1,afhq_cat_014126
afhq_dog_003399,2,afhq_cat_014548
afhq_dog_003399,3,afhq_cat_015801
afhq_dog_003399,4,afhq_cat_011460
afhq_dog_003399,5,afhq_cat_013770
afhq_dog_003399,6,afhq_cat_010958
afhq_dog_003399,7,afhq_cat_013450
afhq_dog_003399,8,afhq_cat_013451
afhq_dog_003399,9,afhq_cat_014169
afhq_dog_003399,10,afhq_cat_011260
afhq_dog_003399,11,afhq_cat_010376
afhq_dog_003399,12,afhq_cat_013813
afhq_dog_003399,13,afhq_cat_010848
afhq_dog_003399,14,afhq_cat_010820
afhq_dog_003399,15,afhq_cat_014440
afhq_dog_002230,1,afhq_cat_015964
afhq_dog_002230,2,afhq_cat_012996
afhq_dog_002230,3,afhq_cat_013006
afhq_dog_002230,4,afhq_cat_012307
afhq_dog_002230,5,afhq_cat_013286
afhq_dog_002230,6,afhq_cat_011903
afhq_dog_002230,7,afhq_cat_011573
afhq_dog_002230,8,afhq_cat_015886
afhq_dog_002230,9,afhq_cat_013174
afhq_dog_002230,10,afhq_cat_010323
afhq_dog_002230,11,afhq_cat_010324
afhq_dog_002230,12,afhq_cat_015851
afhq_dog_002230,13,afhq_cat_009942
afhq_dog_002230,14,afhq_cat_016052
afhq_dog_002230,15,afhq_cat_010044
afhq_dog_000948,1,afhq_cat_013829
afhq_dog_000948,2,afhq_cat_009942
afhq_dog_000948,3,afhq_cat_013770
afhq_dog_000948,4,afhq_cat_009706
afhq_dog_000948,5,afhq_cat_016052
afhq_dog_000948,6,afhq_cat_013614
afhq_dog_000948,7,afhq_cat_013967
afhq_dog_000948,8,afhq_cat_013235
afhq_dog_000948,9,afhq_cat_010631
afhq_dog_000948,10,afhq_cat_012329
afhq_dog_000948,11,afhq_cat_015702
afhq_dog_000948,12,afhq_cat_014078
afhq_dog_000948,13,afhq_cat_013450
afhq_dog_000948,14,afhq_cat_015964
afhq_dog_000948,15,afhq_cat_014500
afhq_dog_001308,1,afhq_cat_013301
afhq_dog_001308,2,afhq_cat_011364
afhq_dog_001308,3,afhq_cat_013450
afhq_dog_001308,4,afhq_cat_014094
afhq_dog_001308,5,afhq_cat_010151
afhq_dog_001308,6,afhq_cat_009544
afhq_dog_001308,7,afhq_cat_013176
afhq_dog_001308,8,afhq_cat_012149
afhq_dog_001308,9,afhq_cat_012044
afhq_dog_001308,10,afhq_cat_010652
afhq_dog_001308,11,afhq_cat_011356
afhq_dog_001308,12,afhq_cat_014500
afhq_dog_001308,13,afhq_cat_010805
afhq_dog_001308,14,afhq_cat_012598
afhq_dog_001308,15,afhq_cat_012150
afhq_dog_003795,1,afhq_cat_010067
afhq_dog_003795,2,afhq_cat_013101
afhq_dog_003795,3,afhq_cat_011640
afhq_dog_003795,4,afhq_cat_012044
afhq_dog_003795,5,afhq_cat_012989
afhq_dog_003795,6,afhq_cat_015975
afhq_dog_003795,7,afhq_cat_013967
afhq_dog_003795,8,afhq_cat_011639
afhq_dog_003795,9,afhq_cat_010820
afhq_dog_003795,10,afhq_cat_013866
afhq_dog_003795,11,afhq_cat_012574
afhq_dog_003795,12,afhq_cat_012598
afhq_dog_003795,13,afhq_cat_013168
afhq_dog_003795,14,afhq_cat_009957
afhq_dog_003795,15,afhq_cat_013301
afhq_dog_000832,1,afhq_cat_010323
afhq_dog_000832,2,afhq_cat_013235
afhq_dog_000832,3,afhq_cat_014110
afhq_dog_000832,4,afhq_cat_013967
afhq_dog_000832,5,afhq_cat_013328
afhq_dog_000832,6,afhq_cat_009931
afhq_dog_000832,7,afhq_cat_010106
afhq_dog_000832,8,afhq_cat_010550
afhq_dog_000832,9,afhq_cat_009706
afhq_dog_000832,10,afhq_cat_015982
afhq_dog_000832,11,afhq_cat_013122
afhq_dog_000832,12,afhq_cat_013829
afhq_dog_000832,13,afhq_cat_015773
afhq_dog_000832,14,afhq_cat_010041
afhq_dog_000832,15,afhq_cat_010011
afhq_dog_002017,1,afhq_cat_015788
afhq_dog_002017,2,afhq_cat_009706
afhq_dog_002017,3,afhq_cat_014126
afhq_dog_002017,4,afhq_cat_010420
afhq_dog_002017,5,afhq_cat_009931
afhq_dog_002017,6,afhq_cat_013442
afhq_dog_002017,7,afhq_cat_015982
afhq_dog_002017,8,afhq_cat_013770
afhq_dog_002017,9,afhq_cat_011967
afhq_dog_002017,10,afhq_cat_010376
afhq_dog_002017,11,afhq_cat_013214
afhq_dog_002017,12,afhq_cat_013813
afhq_dog_002017,13,afhq_cat_014383
afhq_dog_002017,14,afhq_cat_014211
afhq_dog_002017,15,afhq_cat_012329
afhq_dog_002304,1,afhq_cat_010416
afhq_dog_002304,2,afhq_cat_009575
afhq_dog_002304,3,afhq_cat_015827
afhq_dog_002304,4,afhq_cat_010323
afhq_dog_002304,5,afhq_cat_010208
afhq_dog_002304,6,afhq_cat_009710
afhq_dog_002304,7,afhq_cat_010044
afhq_dog_002304,8,afhq_cat_014126
afhq_dog_002304,9,afhq_cat_014548
afhq_dog_002304,10,afhq_cat_016000
afhq_dog_002304,11,afhq_cat_012724
afhq_dog_002304,12,afhq_cat_011067
afhq_dog_002304,13,afhq_cat_013805
afhq_dog_002304,14,afhq_cat_011260
afhq_dog_002304,15,afhq_cat_015801
afhq_dog_000688,1,afhq_cat_014365
afhq_dog_000688,2,afhq_cat_012682
afhq_dog_000688,3,afhq_cat_013261
afhq_dog_000688,4,afhq_cat_015964
afhq_dog_000688,5,afhq_cat_012720
afhq_dog_000688,6,afhq_cat_012996
afhq_dog_000688,7,afhq_cat_012279
afhq_dog_000688,8,afhq_cat_013697
afhq_dog_000688,9,afhq_cat_012091
afhq_dog_000688,10,afhq_cat_011174
afhq_dog_000688,11,afhq_cat_009710
afhq_dog_000688,12,afhq_cat_010107
afhq_dog_000688,13,afhq_cat_010897
afhq_dog_000688,14,afhq_cat_009884
afhq_dog_000688,15,afhq_cat_014479
afhq_dog_014960,1,afhq_cat_012682
afhq_dog_014960,2,afhq_cat_010958
afhq_dog_014960,3,afhq_cat_012643
afhq_dog_014960,4,afhq_cat_010606
afhq_dog_014960,5,afhq_cat_010805
afhq_dog_014960,6,afhq_cat_009942
afhq_dog_014960,7,afhq_cat_011460
afhq_dog_014960,8,afhq_cat_010324
afhq_dog_014960,9,afhq_cat_013286
afhq_dog_014960,10,afhq_cat_013176
afhq_dog_014960,11,afhq_cat_015975
afhq_dog_014960,12,afhq_cat_013450
afhq_dog_014960,13,afhq_cat_015964
afhq_dog_014960,14,afhq_cat_011903
afhq_dog_014960,15,afhq_cat_012091
afhq_dog_004203,1,afhq_cat_012494
afhq_dog_004203,2,afhq_cat_009629
afhq_dog_004203,3,afhq_cat_010390
afhq_dog_004203,4,afhq_cat_011573
afhq_dog_004203,5,afhq_cat_010238
afhq_dog_004203,6,afhq_cat_014440
afhq_dog_004203,7,afhq_cat_010550
afhq_dog_004203,8,afhq_cat_014213
afhq_dog_004203,9,afhq_cat_014126
afhq_dog_004203,10,afhq_cat_016015
afhq_dog_004203,11,afhq_cat_011196
afhq_dog_004203,12,afhq_cat_013305
afhq_dog_004203,13,afhq_cat_011218
afhq_dog_004203,14,afhq_cat_014024
afhq_dog_004203,15,afhq_cat_011967
afhq_dog_002670,1,afhq_cat_012941
afhq_dog_002670,2,afhq_cat_010416
afhq_dog_002670,3,afhq_cat_014211
afhq_dog_002670,4,afhq_cat_009575
afhq_dog_002670,5,afhq_cat_012724
afhq_dog_002670,6,afhq_cat_011260
afhq_dog_002670,7,afhq_cat_009884
afhq_dog_002670,8,afhq_cat_013450
afhq_dog_002670,9,afhq_cat_015827
afhq_dog_002670,10,afhq_cat_012990
afhq_dog_002670,11,afhq_cat_012892
afhq_dog_002670,12,afhq_cat_010550
afhq_dog_002670,13,afhq_cat_011621
afhq_dog_002670,14,afhq_cat_014126
afhq_dog_002670,15,afhq_cat_015788
afhq_dog_000972,1,afhq_cat_011563
afhq_dog_000972,2,afhq_cat_012639
afhq_dog_000972,3,afhq_cat_010112
afhq_dog_000972,4,afhq_cat_013328
afhq_dog_000972,5,afhq_cat_013714
afhq_dog_000972,6,afhq_cat_010017
afhq_dog_000972,7,afhq_cat_013214
afhq_dog_000972,8,afhq_cat_015825
afhq_dog_000972,9,afhq_cat_010623
afhq_dog_000972,10,afhq_cat_010136
afhq_dog_000972,11,afhq_cat_013967
afhq_dog_000972,12,afhq_cat_013793
afhq_dog_000972,13,afhq_cat_013955
afhq_dog_000972,14,afhq_cat_011265
afhq_dog_000972,15,afhq_cat_012990
afhq_dog_001495,1,afhq_cat_009682
afhq_dog_001495,2,afhq_cat_012091
afhq_dog_001495,3,afhq_cat_009760
afhq_dog_001495,4,afhq_cat_014393
afhq_dog_001495,5,afhq_cat_014479
afhq_dog_001495,6,afhq_cat_015975
afhq_dog_001495,7,afhq_cat_011457
afhq_dog_001495,8,afhq_cat_012551
afhq_dog_001495,9,afhq_cat_015647
afhq_dog_001495,10,afhq_cat_013286
afhq_dog_001495,11,afhq_cat_013697
afhq_dog_001495,12,afhq_cat_013232
afhq_dog_001495,13,afhq_cat_011182
afhq_dog_001495,14,afhq_cat_013174
afhq_dog_001495,15,afhq_cat_013242
afhq_dog_015014,1,afhq_cat_010686
afhq_dog_015014,2,afhq_cat_014578
afhq_dog_015014,3,afhq_cat_013214
afhq_dog_015014,4,afhq_cat_011597
afhq_dog_015014,5,afhq_cat_009618
afhq_dog_015014,6,afhq_cat_012149
afhq_dog_015014,7,afhq_cat_010050
afhq_dog_015014,8,afhq_cat_012598
afhq_dog_015014,9,afhq_cat_011798
afhq_dog_015014,10,afhq_cat_009669
afhq_dog_015014,11,afhq_cat_012522
afhq_dog_015014,12,afhq_cat_014500
afhq_dog_015014,13,afhq_cat_011356
afhq_dog_015014,14,afhq_cat_010820
afhq_dog_015014,15,afhq_cat_010793
afhq_dog_004103,1,afhq_cat_013328
afhq_dog_004103,2,afhq_cat_014514
afhq_dog_004103,3,afhq_cat_011563
afhq_dog_004103,4,afhq_cat_012639
afhq_dog_004103,5,afhq_cat_010017
afhq_dog_004103,6,afhq_cat_011196
afhq_dog_004103,7,afhq_cat_015982
afhq_dog_004103,8,afhq_cat_011066
afhq_dog_004103,9,afhq_cat_012782
afhq_dog_004103,10,afhq_cat_010136
afhq_dog_004103,11,afhq_cat_012835
afhq_dog_004103,12,afhq_cat_010112
afhq_dog_004103,13,afhq_cat_013932
afhq_dog_004103,14,afhq_cat_011798
afhq_dog_004103,15,afhq_cat_012091
afhq_dog_000635,1,afhq_cat_014514
afhq_dog_000635,2,afhq_cat_012639
afhq_dog_000635,3,afhq_cat_011196
afhq_dog_000635,4,afhq_cat_010017
afhq_dog_000635,5,afhq_cat_014564
afhq_dog_000635,6,afhq_cat_012835
afhq_dog_000635,7,afhq_cat_010136
afhq_dog_000635,8,afhq_cat_011798
afhq_dog_000635,9,afhq_cat_013932
afhq_dog_000635,10,afhq_cat_009629
afhq_dog_000635,11,afhq_cat_015982
afhq_dog_000635,12,afhq_cat_011640
afhq_dog_000635,13,afhq_cat_010793
afhq_dog_000635,14,afhq_cat_011191
afhq_dog_000635,15,afhq_cat_015827
afhq_dog_003557,1,afhq_cat_010099
afhq_dog_003557,2,afhq_cat_010107
afhq_dog_003557,3,afhq_cat_013793
afhq_dog_003557,4,afhq_cat_013214
afhq_dog_003557,5,afhq_cat_014094
afhq_dog_003557,6,afhq_cat_010686
afhq_dog_003557,7,afhq_cat_010390
afhq_dog_003557,8,afhq_cat_010210
afhq_dog_003557,9,afhq_cat_012772
afhq_dog_003557,10,afhq_cat_012522
afhq_dog_003557,11,afhq_cat_012786
afhq_dog_003557,12,afhq_cat_015801
afhq_dog_003557,13,afhq_cat_009669
afhq_dog_003557,14,afhq_cat_013450
afhq_dog_003557,15,afhq_cat_014578
afhq_dog_001375,1,afhq_cat_010313
afhq_dog_001375,2,afhq_cat_012072
afhq_dog_001375,3,afhq_cat_012786
afhq_dog_001375,4,afhq_cat_012682
afhq_dog_001375,5,afhq_cat_009669
afhq_dog_001375,6,afhq_cat_011356
afhq_dog_001375,7,afhq_cat_013614
afhq_dog_001375,8,afhq_cat_013090
afhq_dog_001375,9,afhq_cat_012989
afhq_dog_001375,10,afhq_cat_010067
afhq_dog_001375,11,afhq_cat_012598
afhq_dog_001375,12,afhq_cat_012513
afhq_dog_001375,13,afhq_cat_010793
afhq_dog_001375,14,afhq_cat_009706
afhq_dog_001375,15,afhq_cat_012149
afhq_dog_002459,1,afhq_cat_011549
afhq_dog_002459,2,afhq_cat_011067
afhq_dog_002459,3,afhq_cat_010323
afhq_dog_002459,4,afhq_cat_014500
afhq_dog_002459,5,afhq_cat_015733
afhq_dog_002459,6,afhq_cat_015813
afhq_dog_002459,7,afhq_cat_010044
afhq_dog_002459,8,afhq_cat_013286
afhq_dog_002459,9,afhq_cat_013168
afhq_dog_002459,10,afhq_cat_013451
afhq_dog_002459,11,afhq_cat_013242
afhq_dog_002459,12,afhq_cat_012786
afhq_dog_002459,13,afhq_cat_012044
afhq_dog_002459,14,afhq_cat_012551
afhq_dog_002459,15,afhq_cat_011460
afhq_dog_003830,1,afhq_cat_011902
afhq_dog_003830,2,afhq_cat_012639
afhq_dog_003830,3,afhq_cat_010112
afhq_dog_003830,4,afhq_cat_014285
afhq_dog_003830,5,afhq_cat_012539
afhq_dog_003830,6,afhq_cat_016010
afhq_dog_003830,7,afhq_cat_013714
afhq_dog_003830,8,afhq_cat_012720
afhq_dog_003830,9,afhq_cat_010136
afhq_dog_003830,10,afhq_cat_014365
afhq_dog_003830,11,afhq_cat_011992
afhq_dog_003830,12,afhq_cat_011174
afhq_dog_003830,13,afhq_cat_013932
afhq_dog_003830,14,afhq_cat_011066
afhq_dog_003830,15,afhq_cat_012494
afhq_dog_003418,1,afhq_cat_013174
afhq_dog_003418,2,afhq_cat_010210
afhq_dog_003418,3,afhq_cat_015634
afhq_dog_003418,4,afhq_cat_011399
afhq_dog_003418,5,afhq_cat_012990
afhq_dog_003418,6,afhq_cat_015968
afhq_dog_003418,7,afhq_cat_010106
afhq_dog_003418,8,afhq_cat_011932
afhq_dog_003418,9,afhq_cat_014383
afhq_dog_003418,10,afhq_cat_010038
afhq_dog_003418,11,afhq_cat_010238
afhq_dog_003418,12,afhq_cat_011413
afhq_dog_003418,13,afhq_cat_012639
afhq_dog_003418,14,afhq_cat_013221
afhq_dog_003418,15,afhq_cat_016052
afhq_dog_000612,1,afhq_cat_010210
afhq_dog_000612,2,afhq_cat_012198
afhq_dog_000612,3,afhq_cat_013740
afhq_dog_000612,4,afhq_cat_013697
afhq_dog_000612,5,afhq_cat_013235
afhq_dog_000612,6,afhq_cat_012091
afhq_dog_000612,7,afhq_cat_013101
afhq_dog_000612,8,afhq_cat_012996
afhq_dog_000612,9,afhq_cat_012460
afhq_dog_000612,10,afhq_cat_013467
afhq_dog_000612,11,afhq_cat_015964
afhq_dog_000612,12,afhq_cat_012821
afhq_dog_000612,13,afhq_cat_010793
afhq_dog_000612,14,afhq_cat_014078
afhq_dog_000612,15,afhq_cat_012307
afhq_dog_003268,1,afhq_cat_010416
afhq_dog_003268,2,afhq_cat_009575
afhq_dog_003268,3,afhq_cat_015827
afhq_dog_003268,4,afhq_cat_014126
afhq_dog_003268,5,afhq_cat_014548
afhq_dog_003268,6,afhq_cat_010323
afhq_dog_003268,7,afhq_cat_010208
afhq_dog_003268,8,afhq_cat_015801
afhq_dog_003268,9,afhq_cat_009710
afhq_dog_003268,10,afhq_cat_010044
afhq_dog_003268,11,afhq_cat_011460
afhq_dog_003268,12,afhq_cat_016000
afhq_dog_003268,13,afhq_cat_011067
afhq_dog_003268,14,afhq_cat_010586
afhq_dog_003268,15,afhq_cat_013770
afhq_dog_001461,1,afhq_cat_011182
afhq_dog_001461,2,afhq_cat_013242
afhq_dog_001461,3,afhq_cat_012551
afhq_dog_001461,4,afhq_cat_010313
afhq_dog_001461,5,afhq_cat_015733
afhq_dog_001461,6,afhq_cat_012072
afhq_dog_001461,7,afhq_cat_012044
afhq_dog_001461,8,afhq_cat_014094
afhq_dog_001461,9,afhq_cat_015871
afhq_dog_001461,10,afhq_cat_012150
afhq_dog_001461,11,afhq_cat_010067
afhq_dog_001461,12,afhq_cat_011640
afhq_dog_001461,13,afhq_cat_009706
afhq_dog_001461,14,afhq_cat_013301
afhq_dog_001461,15,afhq_cat_011501
afhq_dog_003499,1,afhq_cat_013770
afhq_dog_003499,2,afhq_cat_012279
afhq_dog_003499,3,afhq_cat_010208
afhq_dog_003499,4,afhq_cat_013305
afhq_dog_003499,5,afhq_cat_010820
afhq_dog_003499,6,afhq_cat_010011
afhq_dog_003499,7,afhq_cat_012150
afhq_dog_003499,8,afhq_cat_014258
afhq_dog_003499,9,afhq_cat_009931
afhq_dog_003499,10,afhq_cat_012276
afhq_dog_003499,11,afhq_cat_013932
afhq_dog_003499,12,afhq_cat_014211
afhq_dog_003499,13,afhq_cat_012206
afhq_dog_003499,14,afhq_cat_014078
afhq_dog_003499,15,afhq_cat_011640
afhq_dog_002806,1,afhq_cat_012307
afhq_dog_002806,2,afhq_cat_014578
afhq_dog_002806,3,afhq_cat_013697
afhq_dog_002806,4,afhq_cat_012724
afhq_dog_002806,5,afhq_cat_015788
afhq_dog_002806,6,afhq_cat_010099
afhq_dog_002806,7,afhq_cat_013214
afhq_dog_002806,8,afhq_cat_014258
afhq_dog_002806,9,afhq_cat_013491
afhq_dog_002806,10,afhq_cat_011174
afhq_dog_002806,11,afhq_cat_010793
afhq_dog_002806,12,afhq_cat_012720
afhq_dog_002806,13,afhq_cat_011992
afhq_dog_002806,14,afhq_cat_013137
afhq_dog_002806,15,afhq_cat_009669
afhq_dog_000358,1,afhq_cat_010805
afhq_dog_000358,2,afhq_cat_013932
afhq_dog_000358,3,afhq_cat_011191
afhq_dog_000358,4,afhq_cat_012782
afhq_dog_000358,5,afhq_cat_014094
afhq_dog_000358,6,afhq_cat_014365
afhq_dog_000358,7,afhq_cat_013242
afhq_dog_000358,8,afhq_cat_011992
afhq_dog_000358,9,afhq_cat_013740
afhq_dog_000358,10,afhq_cat_012551
afhq_dog_000358,11,afhq_cat_009629
afhq_dog_000358,12,afhq_cat_012091
afhq_dog_000358,13,afhq_cat_012990
afhq_dog_000358,14,afhq_cat_013232
afhq_dog_000358,15,afhq_cat_014479
afhq_dog_003552,1,afhq_cat_009525
afhq_dog_003552,2,afhq_cat_014420
afhq_dog_003552,3,afhq_cat_009773
afhq_dog_003552,4,afhq_cat_012996
afhq_dog_003552,5,afhq_cat_010815
afhq_dog_003552,6,afhq_cat_010210
afhq_dog_003552,7,afhq_cat_015827
afhq_dog_003552,8,afhq_cat_014110
afhq_dog_003552,9,afhq_cat_011311
afhq_dog_003552,10,afhq_cat_012941
afhq_dog_003552,11,afhq_cat_010106
afhq_dog_003552,12,afhq_cat_010335
afhq_dog_003552,13,afhq_cat_011174
afhq_dog_003552,14,afhq_cat_010793
afhq_dog_003552,15,afhq_cat_012662
afhq_dog_002827,1,afhq_cat_012806
afhq_dog_002827,2,afhq_cat_010897
afhq_dog_002827,3,afhq_cat_016015
afhq_dog_002827,4,afhq_cat_010238
afhq_dog_002827,5,afhq_cat_010376
afhq_dog_002827,6,afhq_cat_013866
afhq_dog_002827,7,afhq_cat_013159
afhq_dog_002827,8,afhq_cat_009884
afhq_dog_002827,9,afhq_cat_009618
afhq_dog_002827,10,afhq_cat_013967
afhq_dog_002827,11,afhq_cat_013935
afhq_dog_002827,12,afhq_cat_010130
afhq_dog_002827,13,afhq_cat_010958
afhq_dog_002827,14,afhq_cat_010289
afhq_dog_002827,15,afhq_cat_012682
afhq_dog_000440,1,afhq_cat_010208
afhq_dog_000440,2,afhq_cat_012279
afhq_dog_000440,3,afhq_cat_014078
afhq_dog_000440,4,afhq_cat_013122
afhq_dog_000440,5,afhq_cat_013318
afhq_dog_000440,6,afhq_cat_010289
afhq_dog_000440,7,afhq_cat_013161
afhq_dog_000440,8,afhq_cat_013451
afhq_dog_000440,9,afhq_cat_011399
afhq_dog_000440,10,afhq_cat_010390
afhq_dog_000440,11,afhq_cat_010376
afhq_dog_000440,12,afhq_cat_014211
afhq_dog_000440,13,afhq_cat_012782
afhq_dog_000440,14,afhq_cat_010958
afhq_dog_000440,15,afhq_cat_015773
afhq_dog_014910,1,afhq_cat_014213
afhq_dog_014910,2,afhq_cat_011066
afhq_dog_014910,3,afhq_cat_009942
afhq_dog_014910,4,afhq_cat_011218
afhq_dog_014910,5,afhq_cat_012898
afhq_dog_014910,6,afhq_cat_011460
afhq_dog_014910,7,afhq_cat_014094
afhq_dog_014910,8,afhq_cat_010376
afhq_dog_014910,9,afhq_cat_012091
afhq_dog_014910,10,afhq_cat_016015
afhq_dog_014910,11,afhq_cat_016000
afhq_dog_014910,12,afhq_cat_011545
afhq_dog_014910,13,afhq_cat_011399
afhq_dog_014910,14,afhq_cat_009880
afhq_dog_014910,15,afhq_cat_013232
afhq_dog_002372,1,afhq_cat_012513
afhq_dog_002372,2,afhq_cat_012149
afhq_dog_002372,3,afhq_cat_010106
afhq_dog_002372,4,afhq_cat_011967
afhq_dog_002372,5,afhq_cat_013908
afhq_dog_002372,6,afhq_cat_010323
afhq_dog_002372,7,afhq_cat_014258
afhq_dog_002372,8,afhq_cat_014110
afhq_dog_002372,9,afhq_cat_011932
afhq_dog_002372,10,afhq_cat_013697
afhq_dog_002372,11,afhq_cat_013101
afhq_dog_002372,12,afhq_cat_009525
afhq_dog_002372,13,afhq_cat_013450
afhq_dog_002372,14,afhq_cat_012460
afhq_dog_002372,15,afhq_cat_015851
afhq_dog_001644,1,afhq_cat_015773
afhq_dog_001644,2,afhq_cat_014110
afhq_dog_001644,3,afhq_cat_011545
afhq_dog_001644,4,afhq_cat_011932
afhq_dog_001644,5,afhq_cat_013122
afhq_dog_001644,6,afhq_cat_013159
afhq_dog_001644,7,afhq_cat_016052
afhq_dog_001644,8,afhq_cat_010550
afhq_dog_001644,9,afhq_cat_011593
afhq_dog_001644,10,afhq_cat_010106
afhq_dog_001644,11,afhq_cat_015964
afhq_dog_001644,12,afhq_cat_012639
afhq_dog_001644,13,afhq_cat_013328
afhq_dog_001644,14,afhq_cat_010044
afhq_dog_001644,15,afhq_cat_013908
afhq_dog_001277,1,afhq_cat_010911
afhq_dog_001277,2,afhq_cat_015964
afhq_dog_001277,3,afhq_cat_009575
afhq_dog_001277,4,afhq_cat_015801
afhq_dog_001277,5,afhq_cat_013176
afhq_dog_001277,6,afhq_cat_014548
afhq_dog_001277,7,afhq_cat_012276
afhq_dog_001277,8,afhq_cat_013159
afhq_dog_001277,9,afhq_cat_011460
afhq_dog_001277,10,afhq_cat_012279
afhq_dog_001277,11,afhq_cat_010323
afhq_dog_001277,12,afhq_cat_010335
afhq_dog_001277,13,afhq_cat_010208
afhq_dog_001277,14,afhq_cat_012682
afhq_dog_001277,15,afhq_cat_014213
afhq_dog_002291,1,afhq_cat_015788
afhq_dog_002291,2,afhq_cat_010815
afhq_dog_002291,3,afhq_cat_015733
afhq_dog_002291,4,afhq_cat_013866
afhq_dog_002291,5,afhq_cat_012598
afhq_dog_002291,6,afhq_cat_014420
afhq_dog_002291,7,afhq_cat_011356
afhq_dog_002291,8,afhq_cat_014479
afhq_dog_002291,9,afhq_cat_013932
afhq_dog_002291,10,afhq_cat_011563
afhq_dog_002291,11,afhq_cat_015886
afhq_dog_002291,12,afhq_cat_013967
afhq_dog_002291,13,afhq_cat_012236
afhq_dog_002291,14,afhq_cat_012150
afhq_dog_002291,15,afhq_cat_013214
afhq_dog_003794,1,afhq_cat_014080
afhq_dog_003794,2,afhq_cat_015876
afhq_dog_003794,3,afhq_cat_012835
afhq_dog_003794,4,afhq_cat_013214
afhq_dog_003794,5,afhq_cat_010686
afhq_dog_003794,6,afhq_cat_011902
afhq_dog_003794,7,afhq_cat_011356
afhq_dog_003794,8,afhq_cat_012149
afhq_dog_003794,9,afhq_cat_014578
afhq_dog_003794,10,afhq_cat_009525
afhq_dog_003794,11,afhq_cat_010420
afhq_dog_003794,12,afhq_cat_011798
afhq_dog_003794,13,afhq_cat_012150
afhq_dog_003794,14,afhq_cat_010744
afhq_dog_003794,15,afhq_cat_014383
afhq_dog_001236,1,afhq_cat_012989
afhq_dog_001236,2,afhq_cat_011639
afhq_dog_001236,3,afhq_cat_013866
afhq_dog_001236,4,afhq_cat_013829
afhq_dog_001236,5,afhq_cat_012574
afhq_dog_001236,6,afhq_cat_013168
afhq_dog_001236,7,afhq_cat_010067
afhq_dog_001236,8,afhq_cat_009942
afhq_dog_001236,9,afhq_cat_011460
afhq_dog_001236,10,afhq_cat_010815
afhq_dog_001236,11,afhq_cat_013451
afhq_dog_001236,12,afhq_cat_013770
afhq_dog_001236,13,afhq_cat_013101
afhq_dog_001236,14,afhq_cat_012044
afhq_dog_001236,15,afhq_cat_013967
afhq_dog_002449,1,afhq_cat_010631
afhq_dog_002449,2,afhq_cat_016052
afhq_dog_002449,3,afhq_cat_010130
afhq_dog_002449,4,afhq_cat_014544
afhq_dog_002449,5,afhq_cat_015964
afhq_dog_002449,6,afhq_cat_013176
afhq_dog_002449,7,afhq_cat_010376
afhq_dog_002449,8,afhq_cat_010044
afhq_dog_002449,9,afhq_cat_015634
afhq_dog_002449,10,afhq_cat_014213
afhq_dog_002449,11,afhq_cat_010958
afhq_dog_002449,12,afhq_cat_010586
afhq_dog_002449,13,afhq_cat_010238
afhq_dog_002449,14,afhq_cat_010323
afhq_dog_002449,15,afhq_cat_009618
afhq_dog_003002,1,afhq_cat_014365
afhq_dog_003002,2,afhq_cat_011902
afhq_dog_003002,3,afhq_cat_016052
afhq_dog_003002,4,afhq_cat_012091
afhq_dog_003002,5,afhq_cat_012539
afhq_dog_003002,6,afhq_cat_012682
afhq_dog_003002,7,afhq_cat_013261
afhq_dog_003002,8,afhq_cat_012643
afhq_dog_003002,9,afhq_cat_009884
afhq_dog_003002,10,afhq_cat_012307
afhq_dog_003002,11,afhq_cat_011621
afhq_dog_003002,12,afhq_cat_011932
afhq_dog_003002,13,afhq_cat_013006
afhq_dog_003002,14,afhq_cat_011399
afhq_dog_003002,15,afhq_cat_012720
afhq_dog_000114,1,afhq_cat_013793
afhq_dog_000114,2,afhq_cat_009942
afhq_dog_000114,3,afhq_cat_015825
afhq_dog_000114,4,afhq_cat_013232
afhq_dog_000114,5,afhq_cat_010550
afhq_dog_000114,6,afhq_cat_011639
afhq_dog_000114,7,afhq_cat_010289
afhq_dog_000114,8,afhq_cat_010323
afhq_dog_000114,9,afhq_cat_010815
afhq_dog_000114,10,afhq_cat_012460
afhq_dog_000114,11,afhq_cat_015871
afhq_dog_000114,12,afhq_cat_010958
afhq_dog_000114,13,afhq_cat_010011
afhq_dog_000114,14,afhq_cat_014119
afhq_dog_000114,15,afhq_cat_012149
afhq_dog_000171,1,afhq_cat_011549
afhq_dog_000171,2,afhq_cat_009682
afhq_dog_000171,3,afhq_cat_013793
afhq_dog_000171,4,afhq_cat_012647
afhq_dog_000171,5,afhq_cat_012236
afhq_dog_000171,6,afhq_cat_014479
afhq_dog_000171,7,afhq_cat_010793
afhq_dog_000171,8,afhq_cat_012551
afhq_dog_000171,9,afhq_cat_012639
afhq_dog_000171,10,afhq_cat_013242
afhq_dog_000171,11,afhq_cat_014080
afhq_dog_000171,12,afhq_cat_011027
afhq_dog_000171,13,afhq_cat_011356
afhq_dog_000171,14,afhq_cat_012782
afhq_dog_000171,15,afhq_cat_010382
afhq_dog_000618,1,afhq_cat_010323
afhq_dog_000618,2,afhq_cat_012150
afhq_dog_000618,3,afhq_cat_015813
afhq_dog_000618,4,afhq_cat_010044
afhq_dog_000618,5,afhq_cat_013286
afhq_dog_000618,6,afhq_cat_013451
afhq_dog_000618,7,afhq_cat_010606
afhq_dog_000618,8,afhq_cat_009710
afhq_dog_000618,9,afhq_cat_011460
afhq_dog_000618,10,afhq_cat_011027
afhq_dog_000618,11,afhq_cat_013221
afhq_dog_000618,12,afhq_cat_011174
afhq_dog_000618,13,afhq_cat_010208
afhq_dog_000618,14,afhq_cat_012091
afhq_dog_000618,15,afhq_cat_011067
afhq_dog_003462,1,afhq_cat_014500
afhq_dog_003462,2,afhq_cat_012150
afhq_dog_003462,3,afhq_cat_012387
afhq_dog_003462,4,afhq_cat_012513
afhq_dog_003462,5,afhq_cat_012072
afhq_dog_003462,6,afhq_cat_010067
afhq_dog_003462,7,afhq_cat_010420
afhq_dog_003462,8,afhq_cat_012044
afhq_dog_003462,9,afhq_cat_009544
afhq_dog_003462,10,afhq_cat_012598
afhq_dog_003462,11,afhq_cat_012279
afhq_dog_003462,12,afhq_cat_012149
afhq_dog_003462,13,afhq_cat_011460
afhq_dog_003462,14,afhq_cat_013301
afhq_dog_003462,15,afhq_cat_013214
afhq_dog_002726,1,afhq_cat_010050
afhq_dog_002726,2,afhq_cat_012150
afhq_dog_002726,3,afhq_cat_011356
afhq_dog_002726,4,afhq_cat_012513
afhq_dog_002726,5,afhq_cat_014514
afhq_dog_002726,6,afhq_cat_013450
afhq_dog_002726,7,afhq_cat_012720
afhq_dog_002726,8,afhq_cat_011992
afhq_dog_002726,9,afhq_cat_012463
afhq_dog_002726,10,afhq_cat_012662
afhq_dog_002726,11,afhq_cat_010686
afhq_dog_002726,12,afhq_cat_014548
afhq_dog_002726,13,afhq_cat_013491
afhq_dog_002726,14,afhq_cat_013242
afhq_dog_002726,15,afhq_cat_010420
afhq_dog_004540,1,afhq_cat_013305
afhq_dog_004540,2,afhq_cat_015886
afhq_dog_004540,3,afhq_cat_012990
afhq_dog_004540,4,afhq_cat_009629
afhq_dog_004540,5,afhq_cat_015647
afhq_dog_004540,6,afhq_cat_015791
afhq_dog_004540,7,afhq_cat_013714
afhq_dog_004540,8,afhq_cat_013999
afhq_dog_004540,9,afhq_cat_011182
afhq_dog_004540,10,afhq_cat_011196
afhq_dog_004540,11,afhq_cat_011658
afhq_dog_004540,12,afhq_cat_015820
afhq_dog_004540,13,afhq_cat_011364
afhq_dog_004540,14,afhq_cat_015871
afhq_dog_004540,15,afhq_cat_014564
afhq_dog_003963,1,afhq_cat_013344
afhq_dog_003963,2,afhq_cat_014383
afhq_dog_003963,3,afhq_cat_009682
afhq_dog_003963,4,afhq_cat_009688
afhq_dog_003963,5,afhq_cat_010848
afhq_dog_003963,6,afhq_cat_012513
afhq_dog_003963,7,afhq_cat_011356
afhq_dog_003963,8,afhq_cat_014514
afhq_dog_003963,9,afhq_cat_013305
afhq_dog_003963,10,afhq_cat_015791
afhq_dog_003963,11,afhq_cat_012639
afhq_dog_003963,12,afhq_cat_010958
afhq_dog_003963,13,afhq_cat_012149
afhq_dog_003963,14,afhq_cat_013286
afhq_dog_003963,15,afhq_cat_015964
afhq_dog_002763,1,afhq_cat_011460
afhq_dog_002763,2,afhq_cat_015801
afhq_dog_002763,3,afhq_cat_010387
afhq_dog_002763,4,afhq_cat_015820
afhq_dog_002763,5,afhq_cat_015634
afhq_dog_002763,6,afhq_cat_015982
afhq_dog_002763,7,afhq_cat_010550
afhq_dog_002763,8,afhq_cat_012941
afhq_dog_002763,9,afhq_cat_010390
afhq_dog_002763,10,afhq_cat_011049
afhq_dog_002763,11,afhq_cat_011413
afhq_dog_002763,12,afhq_cat_012682
afhq_dog_002763,13,afhq_cat_011218
afhq_dog_002763,14,afhq_cat_010897
afhq_dog_002763,15,afhq_cat_012276
afhq_dog_002609,1,afhq_cat_015871
afhq_dog_002609,2,afhq_cat_009618
afhq_dog_002609,3,afhq_cat_014514
afhq_dog_002609,4,afhq_cat_010050
afhq_dog_002609,5,afhq_cat_013168
afhq_dog_002609,6,afhq_cat_013214
afhq_dog_002609,7,afhq_cat_015647
afhq_dog_002609,8,afhq_cat_009525
afhq_dog_002609,9,afhq_cat_011501
afhq_dog_002609,10,afhq_cat_014110
afhq_dog_002609,11,afhq_cat_013813
afhq_dog_002609,12,afhq_cat_013770
afhq_dog_002609,13,afhq_cat_011549
afhq_dog_002609,14,afhq_cat_013614
afhq_dog_002609,15,afhq_cat_012786
afhq_dog_000277,1,afhq_cat_015851
afhq_dog_000277,2,afhq_cat_011067
afhq_dog_000277,3,afhq_cat_010323
afhq_dog_000277,4,afhq_cat_011066
afhq_dog_000277,5,afhq_cat_011027
afhq_dog_000277,6,afhq_cat_010289
afhq_dog_000277,7,afhq_cat_016010
afhq_dog_000277,8,afhq_cat_016046
afhq_dog_000277,9,afhq_cat_011460
afhq_dog_000277,10,afhq_cat_014548
afhq_dog_000277,11,afhq_cat_016000
afhq_dog_000277,12,afhq_cat_011265
afhq_dog_000277,13,afhq_cat_010390
afhq_dog_000277,14,afhq_cat_014285
afhq_dog_000277,15,afhq_cat_015801
afhq_dog_000427,1,afhq_cat_014199
afhq_dog_000427,2,afhq_cat_012494
afhq_dog_000427,3,afhq_cat_010011
afhq_dog_000427,4,afhq_cat_009629
afhq_dog_000427,5,afhq_cat_012206
afhq_dog_000427,6,afhq_cat_009884
afhq_dog_000427,7,afhq_cat_010376
afhq_dog_000427,8,afhq_cat_009710
afhq_dog_000427,9,afhq_cat_012985
afhq_dog_000427,10,afhq_cat_015801
afhq_dog_000427,11,afhq_cat_013467
afhq_dog_000427,12,afhq_cat_010390
afhq_dog_000427,13,afhq_cat_011196
afhq_dog_000427,14,afhq_cat_010323
afhq_dog_000427,15,afhq_cat_013151
afhq_dog_000968,1,afhq_cat_012044
afhq_dog_000968,2,afhq_cat_013301
afhq_dog_000968,3,afhq_cat_014094
afhq_dog_000968,4,afhq_cat_011067
afhq_dog_000968,5,afhq_cat_013450
afhq_dog_000968,6,afhq_cat_012989
afhq_dog_000968,7,afhq_cat_011639
afhq_dog_000968,8,afhq_cat_013866
afhq_dog_000968,9,afhq_cat_012574
afhq_dog_000968,10,afhq_cat_012149
afhq_dog_000968,11,afhq_cat_010323
afhq_dog_000968,12,afhq_cat_012279
afhq_dog_000968,13,afhq_cat_012724
afhq_dog_000968,14,afhq_cat_010390
afhq_dog_000968,15,afhq_cat_013168
afhq_dog_003131,1,afhq_cat_009682
afhq_dog_003131,2,afhq_cat_014479
afhq_dog_003131,3,afhq_cat_013242
afhq_dog_003131,4,afhq_cat_012091
afhq_dog_003131,5,afhq_cat_010387
afhq_dog_003131,6,afhq_cat_011399
afhq_dog_003131,7,afhq_cat_013579
afhq_dog_003131,8,afhq_cat_015820
afhq_dog_003131,9,afhq_cat_012639
afhq_dog_003131,10,afhq_cat_010112
afhq_dog_003131,11,afhq_cat_010557
afhq_dog_003131,12,afhq_cat_015791
afhq_dog_003131,13,afhq_cat_013652
afhq_dog_003131,14,afhq_cat_010107
afhq_dog_003131,15,afhq_cat_010099
afhq_dog_014720,1,afhq_cat_015876
afhq_dog_014720,2,afhq_cat_014080
afhq_dog_014720,3,afhq_cat_011218
afhq_dog_014720,4,afhq_cat_012522
afhq_dog_014720,5,afhq_cat_013793
afhq_dog_014720,6,afhq_cat_013318
afhq_dog_014720,7,afhq_cat_011658
afhq_dog_014720,8,afhq_cat_010136
afhq_dog_014720,9,afhq_cat_015968
afhq_dog_014720,10,afhq_cat_010099
afhq_dog_014720,11,afhq_cat_014578
afhq_dog_014720,12,afhq_cat_010945
afhq_dog_014720,13,afhq_cat_012786
afhq_dog_014720,14,afhq_cat_013214
afhq_dog_014720,15,afhq_cat_009669
afhq_dog_001893,1,afhq_cat_012463
afhq_dog_001893,2,afhq_cat_010050
afhq_dog_001893,3,afhq_cat_013967
afhq_dog_001893,4,afhq_cat_014080
afhq_dog_001893,5,afhq_cat_015876
afhq_dog_001893,6,afhq_cat_009623
afhq_dog_001893,7,afhq_cat_010557
afhq_dog_001893,8,afhq_cat_011640
afhq_dog_001893,9,afhq_cat_010623
afhq_dog_001893,10,afhq_cat_015820
afhq_dog_001893,11,afhq_cat_012551
afhq_dog_001893,12,afhq_cat_016046
afhq_dog_001893,13,afhq_cat_012835
afhq_dog_001893,14,afhq_cat_014564
afhq_dog_001893,15,afhq_cat_009682
afhq_dog_003246,1,afhq_cat_010210
afhq_dog_003246,2,afhq_cat_011640
afhq_dog_003246,3,afhq_cat_010038
afhq_dog_003246,4,afhq_cat_014564
afhq_dog_003246,5,afhq_cat_012551
afhq_dog_003246,6,afhq_cat_009773
afhq_dog_003246,7,afhq_cat_015788
afhq_dog_003246,8,afhq_cat_013232
afhq_dog_003246,9,afhq_cat_010623
afhq_dog_003246,10,afhq_cat_016046
afhq_dog_003246,11,afhq_cat_013344
afhq_dog_003246,12,afhq_cat_015813
afhq_dog_003246,13,afhq_cat_010848
afhq_dog_003246,14,afhq_cat_011265
afhq_dog_003246,15,afhq_cat_012206
afhq_dog_003722,1,afhq_cat_012460
afhq_dog_003722,2,afhq_cat_011027
afhq_dog_003722,3,afhq_cat_013793
afhq_dog_003722,4,afhq_cat_011477
afhq_dog_003722,5,afhq_cat_011501
afhq_dog_003722,6,afhq_cat_012149
afhq_dog_003722,7,afhq_cat_010557
afhq_dog_003722,8,afhq_cat_013491
afhq_dog_003722,9,afhq_cat_010050
afhq_dog_003722,10,afhq_cat_010335
afhq_dog_003722,11,afhq_cat_013579
afhq_dog_003722,12,afhq_cat_014578
afhq_dog_003722,13,afhq_cat_010210
afhq_dog_003722,14,afhq_cat_014383
afhq_dog_003722,15,afhq_cat_014094
afhq_dog_003709,1,afhq_cat_009957
afhq_dog_003709,2,afhq_cat_010313
afhq_dog_003709,3,afhq_cat_012072
afhq_dog_003709,4,afhq_cat_013101
afhq_dog_003709,5,afhq_cat_009706
afhq_dog_003709,6,afhq_cat_015702
afhq_dog_003709,7,afhq_cat_013866
afhq_dog_003709,8,afhq_cat_014119
afhq_dog_003709,9,afhq_cat_014078
afhq_dog_003709,10,afhq_cat_013214
afhq_dog_003709,11,afhq_cat_011191
afhq_dog_003709,12,afhq_cat_012522
afhq_dog_003709,13,afhq_cat_010041
afhq_dog_003709,14,afhq_cat_015827
afhq_dog_003709,15,afhq_cat_012329
afhq_dog_003727,1,afhq_cat_010151
afhq_dog_003727,2,afhq_cat_011364
afhq_dog_003727,3,afhq_cat_014094
afhq_dog_003727,4,afhq_cat_014285
afhq_dog_003727,5,afhq_cat_009544
afhq_dog_003727,6,afhq_cat_010390
afhq_dog_003727,7,afhq_cat_013305
afhq_dog_003727,8,afhq_cat_014213
afhq_dog_003727,9,afhq_cat_015886
afhq_dog_003727,10,afhq_cat_012198
afhq_dog_003727,11,afhq_cat_011834
afhq_dog_003727,12,afhq_cat_013174
afhq_dog_003727,13,afhq_cat_011621
afhq_dog_003727,14,afhq_cat_013932
afhq_dog_003727,15,afhq_cat_010106
afhq_dog_003312,1,afhq_cat_010151
afhq_dog_003312,2,afhq_cat_010238
afhq_dog_003312,3,afhq_cat_015773
afhq_dog_003312,4,afhq_cat_013122
afhq_dog_003312,5,afhq_cat_011460
afhq_dog_003312,6,afhq_cat_009618
afhq_dog_003312,7,afhq_cat_015886
afhq_dog_003312,8,afhq_cat_011593
afhq_dog_003312,9,afhq_cat_011834
afhq_dog_003312,10,afhq_cat_015634
afhq_dog_003312,11,afhq_cat_012639
afhq_dog_003312,12,afhq_cat_013967
afhq_dog_003312,13,afhq_cat_012494
afhq_dog_003312,14,afhq_cat_013174
afhq_dog_003312,15,afhq_cat_015803
afhq_dog_004290,1,afhq_cat_012941
afhq_dog_004290,2,afhq_cat_011563
afhq_dog_004290,3,afhq_cat_012662
afhq_dog_004290,4,afhq_cat_009629
afhq_dog_004290,5,afhq_cat_014110
afhq_dog_004290,6,afhq_cat_013137
afhq_dog_004290,7,afhq_cat_011196
afhq_dog_004290,8,afhq_cat_010106
afhq_dog_004290,9,afhq_cat_012513
afhq_dog_004290,10,afhq_cat_011191
afhq_dog_004290,11,afhq_cat_010289
afhq_dog_004290,12,afhq_cat_013999
afhq_dog_004290,13,afhq_cat_013714
afhq_dog_004290,14,afhq_cat_012149
afhq_dog_004290,15,afhq_cat_014258
afhq_dog_002893,1,afhq_cat_010376
afhq_dog_002893,2,afhq_cat_012279
afhq_dog_002893,3,afhq_cat_013697
afhq_dog_002893,4,afhq_cat_012720
afhq_dog_002893,5,afhq_cat_014365
afhq_dog_002893,6,afhq_cat_011174
afhq_dog_002893,7,afhq_cat_010416
afhq_dog_002893,8,afhq_cat_011834
afhq_dog_002893,9,afhq_cat_012996
afhq_dog_002893,10,afhq_cat_016052
afhq_dog_002893,11,afhq_cat_012662
afhq_dog_002893,12,afhq_cat_010557
afhq_dog_002893,13,afhq_cat_014258
afhq_dog_002893,14,afhq_cat_013122
afhq_dog_002893,15,afhq_cat_011399
afhq_dog_015025,1,afhq_cat_014393
afhq_dog_015025,2,afhq_cat_012941
afhq_dog_015025,3,afhq_cat_011870
afhq_dog_015025,4,afhq_cat_012821
afhq_dog_015025,5,afhq_cat_014502
afhq_dog_015025,6,afhq_cat_010945
afhq_dog_015025,7,afhq_cat_011363
afhq_dog_015025,8,afhq_cat_015647
afhq_dog_015025,9,afhq_cat_014211
afhq_dog_015025,10,afhq_cat_013999
afhq_dog_015025,11,afhq_cat_014078
afhq_dog_015025,12,afhq_cat_013344
afhq_dog_015025,13,afhq_cat_009884
afhq_dog_015025,14,afhq_cat_015697
afhq_dog_015025,15,afhq_cat_014169
afhq_dog_002040,1,afhq_cat_010652
afhq_dog_002040,2,afhq_cat_013242
afhq_dog_002040,3,afhq_cat_014420
afhq_dog_002040,4,afhq_cat_013221
afhq_dog_002040,5,afhq_cat_010044
afhq_dog_002040,6,afhq_cat_010793
afhq_dog_002040,7,afhq_cat_014213
afhq_dog_002040,8,afhq_cat_012772
afhq_dog_002040,9,afhq_cat_012786
afhq_dog_002040,10,afhq_cat_014285
afhq_dog_002040,11,afhq_cat_012985
afhq_dog_002040,12,afhq_cat_012941
afhq_dog_002040,13,afhq_cat_012279
afhq_dog_002040,14,afhq_cat_014544
afhq_dog_002040,15,afhq_cat_013261
afhq_dog_002820,1,afhq_cat_010686
afhq_dog_002820,2,afhq_cat_014578
afhq_dog_002820,3,afhq_cat_013214
afhq_dog_002820,4,afhq_cat_012149
afhq_dog_002820,5,afhq_cat_010050
afhq_dog_002820,6,afhq_cat_012598
afhq_dog_002820,7,afhq_cat_011798
afhq_dog_002820,8,afhq_cat_014514
afhq_dog_002820,9,afhq_cat_009669
afhq_dog_002820,10,afhq_cat_010793
afhq_dog_002820,11,afhq_cat_009525
afhq_dog_002820,12,afhq_cat_012522
afhq_dog_002820,13,afhq_cat_014500
afhq_dog_002820,14,afhq_cat_011356
afhq_dog_002820,15,afhq_cat_013740
afhq_dog_014662,1,afhq_cat_016052
afhq_dog_014662,2,afhq_cat_013614
afhq_dog_014662,3,afhq_cat_012329
afhq_dog_014662,4,afhq_cat_010631
afhq_dog_014662,5,afhq_cat_015964
afhq_dog_014662,6,afhq_cat_013176
afhq_dog_014662,7,afhq_cat_011870
afhq_dog_014662,8,afhq_cat_010945
afhq_dog_014662,9,afhq_cat_010897
afhq_dog_014662,10,afhq_cat_014110
afhq_dog_014662,11,afhq_cat_014393
afhq_dog_014662,12,afhq_cat_014078
afhq_dog_014662,13,afhq_cat_014544
afhq_dog_014662,14,afhq_cat_010130
afhq_dog_014662,15,afhq_cat_012598
afhq_dog_003697,1,afhq_cat_010324
afhq_dog_003697,2,afhq_cat_013935
afhq_dog_003697,3,afhq_cat_011356
afhq_dog_003697,4,afhq_cat_012513
afhq_dog_003697,5,afhq_cat_014514
afhq_dog_003697,6,afhq_cat_010099
afhq_dog_003697,7,afhq_cat_012647
afhq_dog_003697,8,afhq_cat_012463
afhq_dog_003697,9,afhq_cat_014169
afhq_dog_003697,10,afhq_cat_011992
afhq_dog_003697,11,afhq_cat_015968
afhq_dog_003697,12,afhq_cat_009525
afhq_dog_003697,13,afhq_cat_013232
afhq_dog_003697,14,afhq_cat_012091
afhq_dog_003697,15,afhq_cat_012236
afhq_dog_002805,1,afhq_cat_010382
afhq_dog_002805,2,afhq_cat_011549
afhq_dog_002805,3,afhq_cat_012639
afhq_dog_002805,4,afhq_cat_014578
afhq_dog_002805,5,afhq_cat_013305
afhq_dog_002805,6,afhq_cat_012494
afhq_dog_002805,7,afhq_cat_009682
afhq_dog_002805,8,afhq_cat_009760
afhq_dog_002805,9,afhq_cat_013793
afhq_dog_002805,10,afhq_cat_016046
afhq_dog_002805,11,afhq_cat_012990
afhq_dog_002805,12,afhq_cat_011870
afhq_dog_002805,13,afhq_cat_013242
afhq_dog_002805,14,afhq_cat_012236
afhq_dog_002805,15,afhq_cat_012647
afhq_dog_002321,1,afhq_cat_013301
afhq_dog_002321,2,afhq_cat_011364
afhq_dog_002321,3,afhq_cat_011067
afhq_dog_002321,4,afhq_cat_013450
afhq_dog_002321,5,afhq_cat_014094
afhq_dog_002321,6,afhq_cat_010323
afhq_dog_002321,7,afhq_cat_012044
afhq_dog_002321,8,afhq_cat_011549
afhq_dog_002321,9,afhq_cat_010151
afhq_dog_002321,10,afhq_cat_009544
afhq_dog_002321,11,afhq_cat_012989
afhq_dog_002321,12,afhq_cat_013176
afhq_dog_002321,13,afhq_cat_011639
afhq_dog_002321,14,afhq_cat_013866
afhq_dog_002321,15,afhq_cat_012574
afhq_dog_004389,1,afhq_cat_015964
afhq_dog_004389,2,afhq_cat_012682
afhq_dog_004389,3,afhq_cat_013176
afhq_dog_004389,4,afhq_cat_010805
afhq_dog_004389,5,afhq_cat_012279
afhq_dog_004389,6,afhq_cat_014548
afhq_dog_004389,7,afhq_cat_014110
afhq_dog_004389,8,afhq_cat_010324
afhq_dog_004389,9,afhq_cat_010044
afhq_dog_004389,10,afhq_cat_014285
afhq_dog_004389,11,afhq_cat_013450
afhq_dog_004389,12,afhq_cat_013805
afhq_dog_004389,13,afhq_cat_013235
afhq_dog_004389,14,afhq_cat_009644
afhq_dog_004389,15,afhq_cat_014213
afhq_dog_002901,1,afhq_cat_011870
afhq_dog_002901,2,afhq_cat_011573
afhq_dog_002901,3,afhq_cat_012996
afhq_dog_002901,4,afhq_cat_014126
afhq_dog_002901,5,afhq_cat_013967
afhq_dog_002901,6,afhq_cat_016015
afhq_dog_002901,7,afhq_cat_014393
afhq_dog_002901,8,afhq_cat_009575
afhq_dog_002901,9,afhq_cat_011174
afhq_dog_002901,10,afhq_cat_010897
afhq_dog_002901,11,afhq_cat_010945
afhq_dog_002901,12,afhq_cat_014024
afhq_dog_002901,13,afhq_cat_015827
afhq_dog_002901,14,afhq_cat_013467
afhq_dog_002901,15,afhq_cat_012985
afhq_dog_001349,1,afhq_cat_014564
afhq_dog_001349,2,afhq_cat_012639
afhq_dog_001349,3,afhq_cat_015982
afhq_dog_001349,4,afhq_cat_011640
afhq_dog_001349,5,afhq_cat_010793
afhq_dog_001349,6,afhq_cat_013999
afhq_dog_001349,7,afhq_cat_015827
afhq_dog_001349,8,afhq_cat_013829
afhq_dog_001349,9,afhq_cat_012941
afhq_dog_001349,10,afhq_cat_014514
afhq_dog_001349,11,afhq_cat_013328
afhq_dog_001349,12,afhq_cat_013159
afhq_dog_001349,13,afhq_cat_010550
afhq_dog_001349,14,afhq_cat_011356
afhq_dog_001349,15,afhq_cat_009525
afhq_dog_000363,1,afhq_cat_010044
afhq_dog_000363,2,afhq_cat_013932
afhq_dog_000363,3,afhq_cat_010744
afhq_dog_000363,4,afhq_cat_009525
afhq_dog_000363,5,afhq_cat_011265
afhq_dog_000363,6,afhq_cat_011182
afhq_dog_000363,7,afhq_cat_013451
afhq_dog_000363,8,afhq_cat_013168
afhq_dog_000363,9,afhq_cat_013305
afhq_dog_000363,10,afhq_cat_012574
afhq_dog_000363,11,afhq_cat_011311
afhq_dog_000363,12,afhq_cat_010099
afhq_dog_000363,13,afhq_cat_013793
afhq_dog_000363,14,afhq_cat_010557
afhq_dog_000363,15,afhq_cat_012985
afhq_dog_001334,1,afhq_cat_014110
afhq_dog_001334,2,afhq_cat_012598
afhq_dog_001334,3,afhq_cat_010884
afhq_dog_001334,4,afhq_cat_012682
afhq_dog_001334,5,afhq_cat_010911
afhq_dog_001334,6,afhq_cat_010335
afhq_dog_001334,7,afhq_cat_010805
afhq_dog_001334,8,afhq_cat_012236
afhq_dog_001334,9,afhq_cat_009931
afhq_dog_001334,10,afhq_cat_010323
afhq_dog_001334,11,afhq_cat_014500
afhq_dog_001334,12,afhq_cat_009669
afhq_dog_001334,13,afhq_cat_010011
afhq_dog_001334,14,afhq_cat_011932
afhq_dog_001334,15,afhq_cat_013829
afhq_dog_001851,1,afhq_cat_013451
afhq_dog_001851,2,afhq_cat_015820
afhq_dog_001851,3,afhq_cat_015827
afhq_dog_001851,4,afhq_cat_013714
afhq_dog_001851,5,afhq_cat_009773
afhq_dog_001851,6,afhq_cat_011196
afhq_dog_001851,7,afhq_cat_010623
afhq_dog_001851,8,afhq_cat_010238
afhq_dog_001851,9,afhq_cat_010744
afhq_dog_001851,10,afhq_cat_013793
afhq_dog_001851,11,afhq_cat_013122
afhq_dog_001851,12,afhq_cat_010416
afhq_dog_001851,13,afhq_cat_014365
afhq_dog_001851,14,afhq_cat_014479
afhq_dog_001851,15,afhq_cat_010136
afhq_dog_004345,1,afhq_cat_012372
afhq_dog_004345,2,afhq_cat_012772
afhq_dog_004345,3,afhq_cat_010011
afhq_dog_004345,4,afhq_cat_012996
afhq_dog_004345,5,afhq_cat_011501
afhq_dog_004345,6,afhq_cat_011027
afhq_dog_004345,7,afhq_cat_011834
afhq_dog_004345,8,afhq_cat_011549
afhq_dog_004345,9,afhq_cat_013305
afhq_dog_004345,10,afhq_cat_014080
afhq_dog_004345,11,afhq_cat_015876
afhq_dog_004345,12,afhq_cat_009931
afhq_dog_004345,13,afhq_cat_014578
afhq_dog_004345,14,afhq_cat_011356
afhq_dog_004345,15,afhq_cat_015871
afhq_dog_000738,1,afhq_cat_013351
afhq_dog_000738,2,afhq_cat_012835
afhq_dog_000738,3,afhq_cat_013967
afhq_dog_000738,4,afhq_cat_010136
afhq_dog_000738,5,afhq_cat_012821
afhq_dog_000738,6,afhq_cat_014124
afhq_dog_000738,7,afhq_cat_012539
afhq_dog_000738,8,afhq_cat_011196
afhq_dog_000738,9,afhq_cat_013151
afhq_dog_000738,10,afhq_cat_009623
afhq_dog_000738,11,afhq_cat_014229
afhq_dog_000738,12,afhq_cat_010557
afhq_dog_000738,13,afhq_cat_010686
afhq_dog_000738,14,afhq_cat_009629
afhq_dog_000738,15,afhq_cat_013999
afhq_dog_002437,1,afhq_cat_012806
afhq_dog_002437,2,afhq_cat_010897
afhq_dog_002437,3,afhq_cat_013908
afhq_dog_002437,4,afhq_cat_010376
afhq_dog_002437,5,afhq_cat_009884
afhq_dog_002437,6,afhq_cat_010130
afhq_dog_002437,7,afhq_cat_010210
afhq_dog_002437,8,afhq_cat_014544
afhq_dog_002437,9,afhq_cat_011932
afhq_dog_002437,10,afhq_cat_012682
afhq_dog_002437,11,afhq_cat_009644
afhq_dog_002437,12,afhq_cat_010112
afhq_dog_002437,13,afhq_cat_011399
afhq_dog_002437,14,afhq_cat_010044
afhq_dog_002437,15,afhq_cat_016052
afhq_dog_004591,1,afhq_cat_014383
afhq_dog_004591,2,afhq_cat_012574
afhq_dog_004591,3,afhq_cat_013932
afhq_dog_004591,4,afhq_cat_010041
afhq_dog_004591,5,afhq_cat_011049
afhq_dog_004591,6,afhq_cat_010848
afhq_dog_004591,7,afhq_cat_013813
afhq_dog_004591,8,afhq_cat_012724
afhq_dog_004591,9,afhq_cat_014124
afhq_dog_004591,10,afhq_cat_013866
afhq_dog_004591,11,afhq_cat_010208
afhq_dog_004591,12,afhq_cat_013999
afhq_dog_004591,13,afhq_cat_014119
afhq_dog_004591,14,afhq_cat_015825
afhq_dog_004591,15,afhq_cat_014479
afhq_dog_003890,1,afhq_cat_011870
afhq_dog_003890,2,afhq_cat_010945
afhq_dog_003890,3,afhq_cat_010848
afhq_dog_003890,4,afhq_cat_014078
afhq_dog_003890,5,afhq_cat_011573
afhq_dog_003890,6,afhq_cat_012996
afhq_dog_003890,7,afhq_cat_009688
afhq_dog_003890,8,afhq_cat_010323
afhq_dog_003890,9,afhq_cat_013467
afhq_dog_003890,10,afhq_cat_009942
afhq_dog_003890,11,afhq_cat_015975
afhq_dog_003890,12,afhq_cat_014126
afhq_dog_003890,13,afhq_cat_013967
afhq_dog_003890,14,afhq_cat_016015
afhq_dog_003890,15,afhq_cat_014393
afhq_dog_002551,1,afhq_cat_014564
afhq_dog_002551,2,afhq_cat_009623
afhq_dog_002551,3,afhq_cat_010623
afhq_dog_002551,4,afhq_cat_014514
afhq_dog_002551,5,afhq_cat_015982
afhq_dog_002551,6,afhq_cat_011196
afhq_dog_002551,7,afhq_cat_011640
afhq_dog_002551,8,afhq_cat_015827
afhq_dog_002551,9,afhq_cat_009544
afhq_dog_002551,10,afhq_cat_011182
afhq_dog_002551,11,afhq_cat_011413
afhq_dog_002551,12,afhq_cat_010136
afhq_dog_002551,13,afhq_cat_010945
afhq_dog_002551,14,afhq_cat_012835
afhq_dog_002551,15,afhq_cat_013214
afhq_dog_002898,1,afhq_cat_010420
afhq_dog_002898,2,afhq_cat_014564
afhq_dog_002898,3,afhq_cat_010623
afhq_dog_002898,4,afhq_cat_014514
afhq_dog_002898,5,afhq_cat_009623
afhq_dog_002898,6,afhq_cat_015982
afhq_dog_002898,7,afhq_cat_010557
afhq_dog_002898,8,afhq_cat_015827
afhq_dog_002898,9,afhq_cat_014365
afhq_dog_002898,10,afhq_cat_010382
afhq_dog_002898,11,afhq_cat_011196
afhq_dog_002898,12,afhq_cat_009544
afhq_dog_002898,13,afhq_cat_015788
afhq_dog_002898,14,afhq_cat_011573
afhq_dog_002898,15,afhq_cat_011413
afhq_dog_001809,1,afhq_cat_014365
afhq_dog_001809,2,afhq_cat_012091
afhq_dog_001809,3,afhq_cat_012682
afhq_dog_001809,4,afhq_cat_013261
afhq_dog_001809,5,afhq_cat_009682
afhq_dog_001809,6,afhq_cat_009884
afhq_dog_001809,7,afhq_cat_012307
afhq_dog_001809,8,afhq_cat_011932
afhq_dog_001809,9,afhq_cat_011621
afhq_dog_001809,10,afhq_cat_015975
afhq_dog_001809,11,afhq_cat_011399
afhq_dog_001809,12,afhq_cat_014213
afhq_dog_001809,13,afhq_cat_015964
afhq_dog_001809,14,afhq_cat_014479
afhq_dog_001809,15,afhq_cat_012720
afhq_dog_003261,1,afhq_cat_014024
afhq_dog_003261,2,afhq_cat_010335
afhq_dog_003261,3,afhq_cat_012044
afhq_dog_003261,4,afhq_cat_013318
afhq_dog_003261,5,afhq_cat_012941
afhq_dog_003261,6,afhq_cat_016000
afhq_dog_003261,7,afhq_cat_011545
afhq_dog_003261,8,afhq_cat_013159
afhq_dog_003261,9,afhq_cat_012150
afhq_dog_003261,10,afhq_cat_012662
afhq_dog_003261,11,afhq_cat_011903
afhq_dog_003261,12,afhq_cat_013301
afhq_dog_003261,13,afhq_cat_012806
afhq_dog_003261,14,afhq_cat_014199
afhq_dog_003261,15,afhq_cat_011932
afhq_dog_001605,1,afhq_cat_012724
afhq_dog_001605,2,afhq_cat_011260
afhq_dog_001605,3,afhq_cat_012990
afhq_dog_001605,4,afhq_cat_012806
afhq_dog_001605,5,afhq_cat_015697
afhq_dog_001605,6,afhq_cat_013999
afhq_dog_001605,7,afhq_cat_011049
afhq_dog_001605,8,afhq_cat_013813
afhq_dog_001605,9,afhq_cat_010897
afhq_dog_001605,10,afhq_cat_011363
afhq_dog_001605,11,afhq_cat_011932
afhq_dog_001605,12,afhq_cat_015886
afhq_dog_001605,13,afhq_cat_010376
afhq_dog_001605,14,afhq_cat_011621
afhq_dog_001605,15,afhq_cat_012279
afhq_dog_002281,1,afhq_cat_011549
afhq_dog_002281,2,afhq_cat_009525
afhq_dog_002281,3,afhq_cat_010067
afhq_dog_002281,4,afhq_cat_013614
afhq_dog_002281,5,afhq_cat_015975
afhq_dog_002281,6,afhq_cat_016010
afhq_dog_002281,7,afhq_cat_012551
afhq_dog_002281,8,afhq_cat_014229
afhq_dog_002281,9,afhq_cat_010815
afhq_dog_002281,10,afhq_cat_015876
afhq_dog_002281,11,afhq_cat_015851
afhq_dog_002281,12,afhq_cat_013232
afhq_dog_002281,13,afhq_cat_013242
afhq_dog_002281,14,afhq_cat_012647
afhq_dog_002281,15,afhq_cat_012513
afhq_dog_001902,1,afhq_cat_013770
afhq_dog_001902,2,afhq_cat_013305
afhq_dog_001902,3,afhq_cat_015886
afhq_dog_001902,4,afhq_cat_012276
afhq_dog_001902,5,afhq_cat_012990
afhq_dog_001902,6,afhq_cat_009629
afhq_dog_001902,7,afhq_cat_009942
afhq_dog_001902,8,afhq_cat_015647
afhq_dog_001902,9,afhq_cat_014126
afhq_dog_001902,10,afhq_cat_009623
afhq_dog_001902,11,afhq_cat_013122
afhq_dog_001902,12,afhq_cat_015791
afhq_dog_001902,13,afhq_cat_015634
afhq_dog_001902,14,afhq_cat_014514
afhq_dog_001902,15,afhq_cat_010606
afhq_dog_002809,1,afhq_cat_012892
afhq_dog_002809,2,afhq_cat_013908
afhq_dog_002809,3,afhq_cat_011049
afhq_dog_002809,4,afhq_cat_013829
afhq_dog_002809,5,afhq_cat_010238
afhq_dog_002809,6,afhq_cat_013967
afhq_dog_002809,7,afhq_cat_011563
afhq_dog_002809,8,afhq_cat_013235
afhq_dog_002809,9,afhq_cat_015803
afhq_dog_002809,10,afhq_cat_009618
afhq_dog_002809,11,afhq_cat_012643
afhq_dog_002809,12,afhq_cat_014126
afhq_dog_002809,13,afhq_cat_015634
afhq_dog_002809,14,afhq_cat_010136
afhq_dog_002809,15,afhq_cat_010606
afhq_dog_002392,1,afhq_cat_012892
afhq_dog_002392,2,afhq_cat_013908
afhq_dog_002392,3,afhq_cat_011049
afhq_dog_002392,4,afhq_cat_013829
afhq_dog_002392,5,afhq_cat_011563
afhq_dog_002392,6,afhq_cat_013305
afhq_dog_002392,7,afhq_cat_013967
afhq_dog_002392,8,afhq_cat_009884
afhq_dog_002392,9,afhq_cat_010136
afhq_dog_002392,10,afhq_cat_011932
afhq_dog_002392,11,afhq_cat_013344
afhq_dog_002392,12,afhq_cat_010897
afhq_dog_002392,13,afhq_cat_011260
afhq_dog_002392,14,afhq_cat_014126
afhq_dog_002392,15,afhq_cat_014211
afhq_dog_001529,1,afhq_cat_011563
afhq_dog_001529,2,afhq_cat_012662
afhq_dog_001529,3,afhq_cat_013328
afhq_dog_001529,4,afhq_cat_010017
afhq_dog_001529,5,afhq_cat_013122
afhq_dog_001529,6,afhq_cat_014258
afhq_dog_001529,7,afhq_cat_014365
afhq_dog_001529,8,afhq_cat_013714
afhq_dog_001529,9,afhq_cat_016052
afhq_dog_001529,10,afhq_cat_010557
afhq_dog_001529,11,afhq_cat_013159
afhq_dog_001529,12,afhq_cat_010050
afhq_dog_001529,13,afhq_cat_011364
afhq_dog_001529,14,afhq_cat_013450
afhq_dog_001529,15,afhq_cat_010897
afhq_dog_002252,1,afhq_cat_012682
afhq_dog_002252,2,afhq_cat_010805
afhq_dog_002252,3,afhq_cat_010324
afhq_dog_002252,4,afhq_cat_013450
afhq_dog_002252,5,afhq_cat_015801
afhq_dog_002252,6,afhq_cat_011992
afhq_dog_002252,7,afhq_cat_015964
afhq_dog_002252,8,afhq_cat_014548
afhq_dog_002252,9,afhq_cat_016052
afhq_dog_002252,10,afhq_cat_011311
afhq_dog_002252,11,afhq_cat_013813
afhq_dog_002252,12,afhq_cat_012091
afhq_dog_002252,13,afhq_cat_011460
afhq_dog_002252,14,afhq_cat_012329
afhq_dog_002252,15,afhq_cat_013235
afhq_dog_001622,1,afhq_cat_009710
afhq_dog_001622,2,afhq_cat_011399
afhq_dog_001622,3,afhq_cat_013161
afhq_dog_001622,4,afhq_cat_010848
afhq_dog_001622,5,afhq_cat_013344
afhq_dog_001622,6,afhq_cat_011903
afhq_dog_001622,7,afhq_cat_012091
afhq_dog_001622,8,afhq_cat_015886
afhq_dog_001622,9,afhq_cat_010376
afhq_dog_001622,10,afhq_cat_011834
afhq_dog_001622,11,afhq_cat_015801
afhq_dog_001622,12,afhq_cat_013286
afhq_dog_001622,13,afhq_cat_010323
afhq_dog_001622,14,afhq_cat_013261
afhq_dog_001622,15,afhq_cat_010151
afhq_dog_000155,1,afhq_cat_009544
afhq_dog_000155,2,afhq_cat_011413
afhq_dog_000155,3,afhq_cat_010136
afhq_dog_000155,4,afhq_cat_011798
afhq_dog_000155,5,afhq_cat_009773
afhq_dog_000155,6,afhq_cat_012835
afhq_dog_000155,7,afhq_cat_014124
afhq_dog_000155,8,afhq_cat_012463
afhq_dog_000155,9,afhq_cat_010793
afhq_dog_000155,10,afhq_cat_011196
afhq_dog_000155,11,afhq_cat_010686
afhq_dog_000155,12,afhq_cat_013151
afhq_dog_000155,13,afhq_cat_009629
afhq_dog_000155,14,afhq_cat_011364
afhq_dog_000155,15,afhq_cat_012639
afhq_dog_014722,1,afhq_cat_014285
afhq_dog_014722,2,afhq_cat_012279
afhq_dog_014722,3,afhq_cat_010686
afhq_dog_014722,4,afhq_cat_015634
afhq_dog_014722,5,afhq_cat_016000
afhq_dog_014722,6,afhq_cat_012150
afhq_dog_014722,7,afhq_cat_014548
afhq_dog_014722,8,afhq_cat_010897
afhq_dog_014722,9,afhq_cat_010420
afhq_dog_014722,10,afhq_cat_010208
afhq_dog_014722,11,afhq_cat_012941
afhq_dog_014722,12,afhq_cat_012044
afhq_dog_014722,13,afhq_cat_010382
afhq_dog_014722,14,afhq_cat_015886
afhq_dog_014722,15,afhq_cat_012662
afhq_dog_002967,1,afhq_cat_015964
afhq_dog_002967,2,afhq_cat_012682
afhq_dog_002967,3,afhq_cat_013176
afhq_dog_002967,4,afhq_cat_012279
afhq_dog_002967,5,afhq_cat_010805
afhq_dog_002967,6,afhq_cat_014548
afhq_dog_002967,7,afhq_cat_014110
afhq_dog_002967,8,afhq_cat_012198
afhq_dog_002967,9,afhq_cat_010044
afhq_dog_002967,10,afhq_cat_010324
afhq_dog_002967,11,afhq_cat_014285
afhq_dog_002967,12,afhq_cat_013235
afhq_dog_002967,13,afhq_cat_015851
afhq_dog_002967,14,afhq_cat_013450
afhq_dog_002967,15,afhq_cat_013805
afhq_dog_014908,1,afhq_cat_013168
afhq_dog_014908,2,afhq_cat_012786
afhq_dog_014908,3,afhq_cat_016046
afhq_dog_014908,4,afhq_cat_012989
afhq_dog_014908,5,afhq_cat_012996
afhq_dog_014908,6,afhq_cat_012044
afhq_dog_014908,7,afhq_cat_013714
afhq_dog_014908,8,afhq_cat_016000
afhq_dog_014908,9,afhq_cat_011196
afhq_dog_014908,10,afhq_cat_012494
afhq_dog_014908,11,afhq_cat_015876
afhq_dog_014908,12,afhq_cat_009525
afhq_dog_014908,13,afhq_cat_012892
afhq_dog_014908,14,afhq_cat_012206
afhq_dog_014908,15,afhq_cat_013151
afhq_dog_004379,1,afhq_cat_011967
afhq_dog_004379,2,afhq_cat_014500
afhq_dog_004379,3,afhq_cat_010652
afhq_dog_004379,4,afhq_cat_013999
afhq_dog_004379,5,afhq_cat_012989
afhq_dog_004379,6,afhq_cat_011639
afhq_dog_004379,7,afhq_cat_012236
afhq_dog_004379,8,afhq_cat_013908
afhq_dog_004379,9,afhq_cat_009544
afhq_dog_004379,10,afhq_cat_010323
afhq_dog_004379,11,afhq_cat_013866
afhq_dog_004379,12,afhq_cat_010884
afhq_dog_004379,13,afhq_cat_012522
afhq_dog_004379,14,afhq_cat_012574
afhq_dog_004379,15,afhq_cat_012598
afhq_dog_004150,1,afhq_cat_010151
afhq_dog_004150,2,afhq_cat_011364
afhq_dog_004150,3,afhq_cat_014094
afhq_dog_004150,4,afhq_cat_014285
afhq_dog_004150,5,afhq_cat_009880
afhq_dog_004150,6,afhq_cat_012329
afhq_dog_004150,7,afhq_cat_011563
afhq_dog_004150,8,afhq_cat_009544
afhq_dog_004150,9,afhq_cat_013328
afhq_dog_004150,10,afhq_cat_012236
afhq_dog_004150,11,afhq_cat_016052
afhq_dog_004150,12,afhq_cat_010390
afhq_dog_004150,13,afhq_cat_014024
afhq_dog_004150,14,afhq_cat_014213
afhq_dog_004150,15,afhq_cat_015886
afhq_dog_003425,1,afhq_cat_013770
afhq_dog_003425,2,afhq_cat_013829
afhq_dog_003425,3,afhq_cat_012941
afhq_dog_003425,4,afhq_cat_013305
afhq_dog_003425,5,afhq_cat_013328
afhq_dog_003425,6,afhq_cat_012892
afhq_dog_003425,7,afhq_cat_010550
afhq_dog_003425,8,afhq_cat_013740
afhq_dog_003425,9,afhq_cat_013908
afhq_dog_003425,10,afhq_cat_013318
afhq_dog_003425,11,afhq_cat_010107
afhq_dog_003425,12,afhq_cat_015634
afhq_dog_003425,13,afhq_cat_013456
afhq_dog_003425,14,afhq_cat_009880
afhq_dog_003425,15,afhq_cat_010017
afhq_dog_014688,1,afhq_cat_010289
afhq_dog_014688,2,afhq_cat_014514
afhq_dog_014688,3,afhq_cat_012279
afhq_dog_014688,4,afhq_cat_015820
afhq_dog_014688,5,afhq_cat_010958
afhq_dog_014688,6,afhq_cat_010557
afhq_dog_014688,7,afhq_cat_011902
afhq_dog_014688,8,afhq_cat_013174
afhq_dog_014688,9,afhq_cat_010050
afhq_dog_014688,10,afhq_cat_015982
afhq_dog_014688,11,afhq_cat_012091
afhq_dog_014688,12,afhq_cat_012898
afhq_dog_014688,13,afhq_cat_015803
afhq_dog_014688,14,afhq_cat_010848
afhq_dog_014688,15,afhq_cat_013235
afhq_dog_000601,1,afhq_cat_014229
afhq_dog_000601,2,afhq_cat_012574
afhq_dog_000601,3,afhq_cat_011597
afhq_dog_000601,4,afhq_cat_013168
afhq_dog_000601,5,afhq_cat_010848
afhq_dog_000601,6,afhq_cat_010208
afhq_dog_000601,7,afhq_cat_012279
afhq_dog_000601,8,afhq_cat_009618
afhq_dog_000601,9,afhq_cat_012551
afhq_dog_000601,10,afhq_cat_011356
afhq_dog_000601,11,afhq_cat_015851
afhq_dog_000601,12,afhq_cat_011027
afhq_dog_000601,13,afhq_cat_010107
afhq_dog_000601,14,afhq_cat_011311
afhq_dog_000601,15,afhq_cat_010324
afhq_dog_003489,1,afhq_cat_010897
afhq_dog_003489,2,afhq_cat_013137
afhq_dog_003489,3,afhq_cat_015697
afhq_dog_003489,4,afhq_cat_013006
afhq_dog_003489,5,afhq_cat_009644
afhq_dog_003489,6,afhq_cat_011049
afhq_dog_003489,7,afhq_cat_011593
afhq_dog_003489,8,afhq_cat_010376
afhq_dog_003489,9,afhq_cat_014024
afhq_dog_003489,10,afhq_cat_016052
afhq_dog_003489,11,afhq_cat_013908
afhq_dog_003489,12,afhq_cat_011658
afhq_dog_003489,13,afhq_cat_011399
afhq_dog_003489,14,afhq_cat_016015
afhq_dog_003489,15,afhq_cat_014393
afhq_dog_001342,1,afhq_cat_009682
afhq_dog_001342,2,afhq_cat_011477
afhq_dog_001342,3,afhq_cat_013793
afhq_dog_001342,4,afhq_cat_013286
afhq_dog_001342,5,afhq_cat_010099
afhq_dog_001342,6,afhq_cat_011027
afhq_dog_001342,7,afhq_cat_015791
afhq_dog_001342,8,afhq_cat_012598
afhq_dog_001342,9,afhq_cat_009629
afhq_dog_001342,10,afhq_cat_015788
afhq_dog_001342,11,afhq_cat_015975
afhq_dog_001342,12,afhq_cat_013242
afhq_dog_001342,13,afhq_cat_011992
afhq_dog_001342,14,afhq_cat_014383
afhq_dog_001342,15,afhq_cat_014094
afhq_dog_000182,1,afhq_cat_012786
afhq_dog_000182,2,afhq_cat_014383
afhq_dog_000182,3,afhq_cat_009669
afhq_dog_000182,4,afhq_cat_013932
afhq_dog_000182,5,afhq_cat_012307
afhq_dog_000182,6,afhq_cat_010041
afhq_dog_000182,7,afhq_cat_013697
afhq_dog_000182,8,afhq_cat_012724
afhq_dog_000182,9,afhq_cat_015876
afhq_dog_000182,10,afhq_cat_015791
afhq_dog_000182,11,afhq_cat_010210
afhq_dog_000182,12,afhq_cat_011501
afhq_dog_000182,13,afhq_cat_014258
afhq_dog_000182,14,afhq_cat_013491
afhq_dog_000182,15,afhq_cat_011174
afhq_dog_004428,1,afhq_cat_010945
afhq_dog_004428,2,afhq_cat_014078
afhq_dog_004428,3,afhq_cat_010323
afhq_dog_004428,4,afhq_cat_009942
afhq_dog_004428,5,afhq_cat_011260
afhq_dog_004428,6,afhq_cat_013450
afhq_dog_004428,7,afhq_cat_011311
afhq_dog_004428,8,afhq_cat_016052
afhq_dog_004428,9,afhq_cat_011870
afhq_dog_004428,10,afhq_cat_010011
afhq_dog_004428,11,afhq_cat_011545
afhq_dog_004428,12,afhq_cat_014058
afhq_dog_004428,13,afhq_cat_011191
afhq_dog_004428,14,afhq_cat_013328
afhq_dog_004428,15,afhq_cat_015801
afhq_dog_002430,1,afhq_cat_013242
afhq_dog_002430,2,afhq_cat_013305
afhq_dog_002430,3,afhq_cat_009682
afhq_dog_002430,4,afhq_cat_010744
afhq_dog_002430,5,afhq_cat_011182
afhq_dog_002430,6,afhq_cat_015886
afhq_dog_002430,7,afhq_cat_010099
afhq_dog_002430,8,afhq_cat_010557
afhq_dog_002430,9,afhq_cat_015968
afhq_dog_002430,10,afhq_cat_013770
afhq_dog_002430,11,afhq_cat_012990
afhq_dog_002430,12,afhq_cat_011501
afhq_dog_002430,13,afhq_cat_009629
afhq_dog_002430,14,afhq_cat_015791
afhq_dog_002430,15,afhq_cat_015647
afhq_dog_002403,1,afhq_cat_009575
afhq_dog_002403,2,afhq_cat_015634
afhq_dog_002403,3,afhq_cat_012639
afhq_dog_002403,4,afhq_cat_010112
afhq_dog_002403,5,afhq_cat_010238
afhq_dog_002403,6,afhq_cat_013159
afhq_dog_002403,7,afhq_cat_015968
afhq_dog_002403,8,afhq_cat_009618
afhq_dog_002403,9,afhq_cat_014169
afhq_dog_002403,10,afhq_cat_011460
afhq_dog_002403,11,afhq_cat_013467
afhq_dog_002403,12,afhq_cat_013908
afhq_dog_002403,13,afhq_cat_010323
afhq_dog_002403,14,afhq_cat_011363
afhq_dog_002403,15,afhq_cat_010130
afhq_dog_014749,1,afhq_cat_012150
afhq_dog_014749,2,afhq_cat_013450
afhq_dog_014749,3,afhq_cat_012720
afhq_dog_014749,4,afhq_cat_011992
afhq_dog_014749,5,afhq_cat_014285
afhq_dog_014749,6,afhq_cat_010686
afhq_dog_014749,7,afhq_cat_012279
afhq_dog_014749,8,afhq_cat_012662
afhq_dog_014749,9,afhq_cat_015634
afhq_dog_014749,10,afhq_cat_013344
afhq_dog_014749,11,afhq_cat_014548
afhq_dog_014749,12,afhq_cat_016000
afhq_dog_014749,13,afhq_cat_011027
afhq_dog_014749,14,afhq_cat_010420
afhq_dog_014749,15,afhq_cat_010130
afhq_dog_001488,1,afhq_cat_011027
afhq_dog_001488,2,afhq_cat_013793
afhq_dog_001488,3,afhq_cat_010387
afhq_dog_001488,4,afhq_cat_015820
afhq_dog_001488,5,afhq_cat_011049
afhq_dog_001488,6,afhq_cat_012091
afhq_dog_001488,7,afhq_cat_013579
afhq_dog_001488,8,afhq_cat_015697
afhq_dog_001488,9,afhq_cat_009710
afhq_dog_001488,10,afhq_cat_010289
afhq_dog_001488,11,afhq_cat_014094
afhq_dog_001488,12,afhq_cat_011182
afhq_dog_001488,13,afhq_cat_010099
afhq_dog_001488,14,afhq_cat_010652
afhq_dog_001488,15,afhq_cat_011399
afhq_dog_003585,1,afhq_cat_009957
afhq_dog_003585,2,afhq_cat_011798
afhq_dog_003585,3,afhq_cat_015788
afhq_dog_003585,4,afhq_cat_010376
afhq_dog_003585,5,afhq_cat_012387
afhq_dog_003585,6,afhq_cat_009629
afhq_dog_003585,7,afhq_cat_011413
afhq_dog_003585,8,afhq_cat_010420
afhq_dog_003585,9,afhq_cat_013101
afhq_dog_003585,10,afhq_cat_013866
afhq_dog_003585,11,afhq_cat_014119
afhq_dog_003585,12,afhq_cat_011191
afhq_dog_003585,13,afhq_cat_012639
afhq_dog_003585,14,afhq_cat_015827
afhq_dog_003585,15,afhq_cat_010041
afhq_dog_000165,1,afhq_cat_011501
afhq_dog_000165,2,afhq_cat_011356
afhq_dog_000165,3,afhq_cat_013242
afhq_dog_000165,4,afhq_cat_010793
afhq_dog_000165,5,afhq_cat_009525
afhq_dog_000165,6,afhq_cat_011549
afhq_dog_000165,7,afhq_cat_010557
afhq_dog_000165,8,afhq_cat_011798
afhq_dog_000165,9,afhq_cat_013286
afhq_dog_000165,10,afhq_cat_012522
afhq_dog_000165,11,afhq_cat_012985
afhq_dog_000165,12,afhq_cat_010815
afhq_dog_000165,13,afhq_cat_012149
afhq_dog_000165,14,afhq_cat_013793
afhq_dog_000165,15,afhq_cat_011640
afhq_dog_015118,1,afhq_cat_011597
afhq_dog_015118,2,afhq_cat_009618
afhq_dog_015118,3,afhq_cat_010686
afhq_dog_015118,4,afhq_cat_010820
afhq_dog_015118,5,afhq_cat_014578
afhq_dog_015118,6,afhq_cat_012198
afhq_dog_015118,7,afhq_cat_015801
afhq_dog_015118,8,afhq_cat_015634
afhq_dog_015118,9,afhq_cat_013935
afhq_dog_015118,10,afhq_cat_012647
afhq_dog_015118,11,afhq_cat_012639
afhq_dog_015118,12,afhq_cat_012091
afhq_dog_015118,13,afhq_cat_014126
afhq_dog_015118,14,afhq_cat_013214
afhq_dog_015118,15,afhq_cat_010050
afhq_dog_001423,1,afhq_cat_015773
afhq_dog_001423,2,afhq_cat_010416
afhq_dog_001423,3,afhq_cat_010098
afhq_dog_001423,4,afhq_cat_013122
afhq_dog_001423,5,afhq_cat_015791
afhq_dog_001423,6,afhq_cat_013006
afhq_dog_001423,7,afhq_cat_011593
afhq_dog_001423,8,afhq_cat_013955
afhq_dog_001423,9,afhq_cat_009575
afhq_dog_001423,10,afhq_cat_013770
afhq_dog_001423,11,afhq_cat_013344
afhq_dog_001423,12,afhq_cat_012639
afhq_dog_001423,13,afhq_cat_014199
afhq_dog_001423,14,afhq_cat_013305
afhq_dog_001423,15,afhq_cat_010044
afhq_dog_002009,1,afhq_cat_012044
afhq_dog_002009,2,afhq_cat_010313
afhq_dog_002009,3,afhq_cat_012072
afhq_dog_002009,4,afhq_cat_014514
afhq_dog_002009,5,afhq_cat_013168
afhq_dog_002009,6,afhq_cat_010557
afhq_dog_002009,7,afhq_cat_009525
afhq_dog_002009,8,afhq_cat_010050
afhq_dog_002009,9,afhq_cat_013301
afhq_dog_002009,10,afhq_cat_013932
afhq_dog_002009,11,afhq_cat_014094
afhq_dog_002009,12,afhq_cat_009706
afhq_dog_002009,13,afhq_cat_013866
afhq_dog_002009,14,afhq_cat_012149
afhq_dog_002009,15,afhq_cat_012463
afhq_dog_004681,1,afhq_cat_013232
afhq_dog_004681,2,afhq_cat_012198
afhq_dog_004681,3,afhq_cat_010884
afhq_dog_004681,4,afhq_cat_010390
afhq_dog_004681,5,afhq_cat_012551
afhq_dog_004681,6,afhq_cat_010805
afhq_dog_004681,7,afhq_cat_015886
afhq_dog_004681,8,afhq_cat_010323
afhq_dog_004681,9,afhq_cat_010011
afhq_dog_004681,10,afhq_cat_016046
afhq_dog_004681,11,afhq_cat_011049
afhq_dog_004681,12,afhq_cat_013286
afhq_dog_004681,13,afhq_cat_012574
afhq_dog_004681,14,afhq_cat_011191
afhq_dog_004681,15,afhq_cat_010652
afhq_dog_001472,1,afhq_cat_010323
afhq_dog_001472,2,afhq_cat_015851
afhq_dog_001472,3,afhq_cat_013932
afhq_dog_001472,4,afhq_cat_012786
afhq_dog_001472,5,afhq_cat_009525
afhq_dog_001472,6,afhq_cat_009669
afhq_dog_001472,7,afhq_cat_013168
afhq_dog_001472,8,afhq_cat_013214
afhq_dog_001472,9,afhq_cat_014383
afhq_dog_001472,10,afhq_cat_013935
afhq_dog_001472,11,afhq_cat_010011
afhq_dog_001472,12,afhq_cat_012574
afhq_dog_001472,13,afhq_cat_014578
afhq_dog_001472,14,afhq_cat_012463
afhq_dog_001472,15,afhq_cat_013344
afhq_dog_002843,1,afhq_cat_013328
afhq_dog_002843,2,afhq_cat_015697
afhq_dog_002843,3,afhq_cat_010017
afhq_dog_002843,4,afhq_cat_010815
afhq_dog_002843,5,afhq_cat_013999
afhq_dog_002843,6,afhq_cat_011356
afhq_dog_002843,7,afhq_cat_013235
afhq_dog_002843,8,afhq_cat_014514
afhq_dog_002843,9,afhq_cat_011364
afhq_dog_002843,10,afhq_cat_013935
afhq_dog_002843,11,afhq_cat_013159
afhq_dog_002843,12,afhq_cat_012898
afhq_dog_002843,13,afhq_cat_009623
afhq_dog_002843,14,afhq_cat_010041
afhq_dog_002843,15,afhq_cat_012639
afhq_dog_001127,1,afhq_cat_014500
afhq_dog_001127,2,afhq_cat_015733
afhq_dog_001127,3,afhq_cat_012598
afhq_dog_001127,4,afhq_cat_011067
afhq_dog_001127,5,afhq_cat_013614
afhq_dog_001127,6,afhq_cat_011597
afhq_dog_001127,7,afhq_cat_009618
afhq_dog_001127,8,afhq_cat_012236
afhq_dog_001127,9,afhq_cat_009669
afhq_dog_001127,10,afhq_cat_010686
afhq_dog_001127,11,afhq_cat_012522
afhq_dog_001127,12,afhq_cat_014393
afhq_dog_001127,13,afhq_cat_010323
afhq_dog_001127,14,afhq_cat_010050
afhq_dog_001127,15,afhq_cat_013006
afhq_dog_002765,1,afhq_cat_013174
afhq_dog_002765,2,afhq_cat_010210
afhq_dog_002765,3,afhq_cat_015634
afhq_dog_002765,4,afhq_cat_010335
afhq_dog_002765,5,afhq_cat_012990
afhq_dog_002765,6,afhq_cat_014544
afhq_dog_002765,7,afhq_cat_015968
afhq_dog_002765,8,afhq_cat_009760
afhq_dog_002765,9,afhq_cat_013813
afhq_dog_002765,10,afhq_cat_010897
afhq_dog_002765,11,afhq_cat_014383
afhq_dog_002765,12,afhq_cat_013908
afhq_dog_002765,13,afhq_cat_012639
afhq_dog_002765,14,afhq_cat_009644
afhq_dog_002765,15,afhq_cat_011460
afhq_dog_002105,1,afhq_cat_010099
afhq_dog_002105,2,afhq_cat_011356
afhq_dog_002105,3,afhq_cat_012513
afhq_dog_002105,4,afhq_cat_014514
afhq_dog_002105,5,afhq_cat_011992
afhq_dog_002105,6,afhq_cat_010324
afhq_dog_002105,7,afhq_cat_013935
afhq_dog_002105,8,afhq_cat_012463
afhq_dog_002105,9,afhq_cat_014080
afhq_dog_002105,10,afhq_cat_015876
afhq_dog_002105,11,afhq_cat_011640
afhq_dog_002105,12,afhq_cat_010744
afhq_dog_002105,13,afhq_cat_015733
afhq_dog_002105,14,afhq_cat_010151
afhq_dog_002105,15,afhq_cat_011501
afhq_dog_014933,1,afhq_cat_011196
afhq_dog_014933,2,afhq_cat_010897
afhq_dog_014933,3,afhq_cat_011932
afhq_dog_014933,4,afhq_cat_010210
afhq_dog_014933,5,afhq_cat_011460
afhq_dog_014933,6,afhq_cat_014548
afhq_dog_014933,7,afhq_cat_009884
afhq_dog_014933,8,afhq_cat_012898
afhq_dog_014933,9,afhq_cat_013813
afhq_dog_014933,10,afhq_cat_012539
afhq_dog_014933,11,afhq_cat_010958
afhq_dog_014933,12,afhq_cat_013450
afhq_dog_014933,13,afhq_cat_013697
afhq_dog_014933,14,afhq_cat_009710
afhq_dog_014933,15,afhq_cat_012990
afhq_dog_000828,1,afhq_cat_015975
afhq_dog_000828,2,afhq_cat_009682
afhq_dog_000828,3,afhq_cat_013999
afhq_dog_000828,4,afhq_cat_011049
afhq_dog_000828,5,afhq_cat_010098
afhq_dog_000828,6,afhq_cat_011457
afhq_dog_000828,7,afhq_cat_015791
afhq_dog_000828,8,afhq_cat_013006
afhq_dog_000828,9,afhq_cat_014229
afhq_dog_000828,10,afhq_cat_013955
afhq_dog_000828,11,afhq_cat_012091
afhq_dog_000828,12,afhq_cat_010011
afhq_dog_000828,13,afhq_cat_014199
afhq_dog_000828,14,afhq_cat_014393
afhq_dog_000828,15,afhq_cat_012551
afhq_dog_001508,1,afhq_cat_010416
afhq_dog_001508,2,afhq_cat_012279
afhq_dog_001508,3,afhq_cat_009710
afhq_dog_001508,4,afhq_cat_011870
afhq_dog_001508,5,afhq_cat_012044
afhq_dog_001508,6,afhq_cat_016052
afhq_dog_001508,7,afhq_cat_011834
afhq_dog_001508,8,afhq_cat_013176
afhq_dog_001508,9,afhq_cat_011067
afhq_dog_001508,10,afhq_cat_010897
afhq_dog_001508,11,afhq_cat_015827
afhq_dog_001508,12,afhq_cat_013221
afhq_dog_001508,13,afhq_cat_011573
afhq_dog_001508,14,afhq_cat_011902
afhq_dog_001508,15,afhq_cat_010208
afhq_dog_001633,1,afhq_cat_011413
afhq_dog_001633,2,afhq_cat_013579
afhq_dog_001633,3,afhq_cat_012724
afhq_dog_001633,4,afhq_cat_011992
afhq_dog_001633,5,afhq_cat_009544
afhq_dog_001633,6,afhq_cat_012198
afhq_dog_001633,7,afhq_cat_014383
afhq_dog_001633,8,afhq_cat_012091
afhq_dog_001633,9,afhq_cat_013932
afhq_dog_001633,10,afhq_cat_015982
afhq_dog_001633,11,afhq_cat_010041
afhq_dog_001633,12,afhq_cat_014094
afhq_dog_001633,13,afhq_cat_010112
afhq_dog_001633,14,afhq_cat_010376
afhq_dog_001633,15,afhq_cat_012513
afhq_dog_001727,1,afhq_cat_010501
afhq_dog_001727,2,afhq_cat_010390
afhq_dog_001727,3,afhq_cat_009618
afhq_dog_001727,4,afhq_cat_013214
afhq_dog_001727,5,afhq_cat_015634
afhq_dog_001727,6,afhq_cat_012647
afhq_dog_001727,7,afhq_cat_013305
afhq_dog_001727,8,afhq_cat_014169
afhq_dog_001727,9,afhq_cat_010805
afhq_dog_001727,10,afhq_cat_014544
afhq_dog_001727,11,afhq_cat_011260
afhq_dog_001727,12,afhq_cat_010112
afhq_dog_001727,13,afhq_cat_015968
afhq_dog_001727,14,afhq_cat_015871
afhq_dog_001727,15,afhq_cat_012091
afhq_dog_000909,1,afhq_cat_013652
afhq_dog_000909,2,afhq_cat_010390
afhq_dog_000909,3,afhq_cat_014479
afhq_dog_000909,4,afhq_cat_012724
afhq_dog_000909,5,afhq_cat_013697
afhq_dog_000909,6,afhq_cat_012772
afhq_dog_000909,7,afhq_cat_012307
afhq_dog_000909,8,afhq_cat_012091
afhq_dog_000909,9,afhq_cat_012786
afhq_dog_000909,10,afhq_cat_010107
afhq_dog_000909,11,afhq_cat_013793
afhq_dog_000909,12,afhq_cat_010038
afhq_dog_000909,13,afhq_cat_013579
afhq_dog_000909,14,afhq_cat_010130
afhq_dog_000909,15,afhq_cat_010793
