query_id,rank,target_id
afhq_cat_013341,1,afhq_dog_000079
afhq_cat_013341,2,afhq_dog_014992
afhq_cat_013341,3,afhq_dog_002130
afhq_cat_013341,4,afhq_dog_001283
afhq_cat_013341,5,afhq_dog_014645
afhq_cat_013341,6,afhq_dog_014903
afhq_cat_013341,7,afhq_dog_000883
afhq_cat_013341,8,afhq_dog_000358
afhq_cat_013341,9,afhq_dog_000799
afhq_cat_013341,10,afhq_dog_002294
afhq_cat_013341,11,afhq_dog_002644
afhq_cat_013341,12,afhq_dog_000672
afhq_cat_013341,13,afhq_dog_002889
afhq_cat_013341,14,afhq_dog_004317
afhq_cat_013341,15,afhq_dog_001809
afhq_cat_013801,1,afhq_dog_003825
afhq_cat_013801,2,afhq_dog_014676
afhq_cat_013801,3,afhq_dog_014741
afhq_cat_013801,4,afhq_dog_004391
afhq_cat_013801,5,afhq_dog_000845
afhq_cat_013801,6,afhq_dog_004300
afhq_cat_013801,7,afhq_dog_014783
afhq_cat_013801,8,afhq_dog_000044
afhq_cat_013801,9,afhq_dog_001283
afhq_cat_013801,10,afhq_dog_002015
afhq_cat_013801,11,afhq_dog_000688
afhq_cat_013801,12,afhq_dog_003935
afhq_cat_013801,13,afhq_dog_001240
afhq_cat_013801,14,afhq_dog_001809
afhq_cat_013801,15,afhq_dog_000883
afhq_cat_011422,1,afhq_dog_002291
afhq_cat_011422,2,afhq_dog_001781
afhq_cat_011422,3,afhq_dog_003709
afhq_cat_011422,4,afhq_dog_001049
afhq_cat_011422,5,afhq_dog_000367
afhq_cat_011422,6,afhq_dog_004398
afhq_cat_011422,7,afhq_dog_002801
afhq_cat_011422,8,afhq_dog_001302
afhq_cat_011422,9,afhq_dog_000323
afhq_cat_011422,10,afhq_dog_002340
afhq_cat_011422,11,afhq_dog_000733
afhq_cat_011422,12,afhq_dog_004619
afhq_cat_011422,13,afhq_dog_003389
afhq_cat_011422,14,afhq_dog_002945
afhq_cat_011422,15,afhq_dog_001310
afhq_cat_009964,1,afhq_dog_001952
afhq_cat_009964,2,afhq_dog_000026
afhq_cat_009964,3,afhq_dog_014685
afhq_cat_009964,4,afhq_dog_004103
afhq_cat_009964,5,afhq_dog_004082
afhq_cat_009964,6,afhq_dog_001850
afhq_cat_009964,7,afhq_dog_000640
afhq_cat_009964,8,afhq_dog_003382
afhq_cat_009964,9,afhq_dog_004512
afhq_cat_009964,10,afhq_dog_004591
afhq_cat_009964,11,afhq_dog_000345
afhq_cat_009964,12,afhq_dog_000477
afhq_cat_009964,13,afhq_dog_002898
afhq_cat_009964,14,afhq_dog_002591
afhq_cat_009964,15,afhq_dog_015064
afhq_cat_012943,1,afhq_dog_000845
afhq_cat_012943,2,afhq_dog_003389
afhq_cat_012943,3,afhq_dog_000590
afhq_cat_012943,4,afhq_dog_002560
afhq_cat_012943,5,afhq_dog_004026
afhq_cat_012943,6,afhq_dog_002517
afhq_cat_012943,7,afhq_dog_002046
afhq_cat_012943,8,afhq_dog_002765
afhq_cat_012943,9,afhq_dog_000345
afhq_cat_012943,10,afhq_dog_003901
afhq_cat_012943,11,afhq_dog_000477
afhq_cat_012943,12,afhq_dog_000336
afhq_cat_012943,13,afhq_dog_004082
afhq_cat_012943,14,afhq_dog_002692
afhq_cat_012943,15,afhq_dog_001071
afhq_cat_011311,1,afhq_dog_001893
afhq_cat_011311,2,afhq_dog_002015
afhq_cat_011311,3,afhq_dog_000390
afhq_cat_011311,4,afhq_dog_000029
afhq_cat_011311,5,afhq_dog_002178
afhq_cat_011311,6,afhq_dog_004203
afhq_cat_011311,7,afhq_dog_004345
afhq_cat_011311,8,afhq_dog_004391
afhq_cat_011311,9,afhq_dog_003644
afhq_cat_011311,10,afhq_dog_000358
afhq_cat_011311,11,afhq_dog_001781
afhq_cat_011311,12,afhq_dog_001850
afhq_cat_011311,13,afhq_dog_002481
afhq_cat_011311,14,afhq_dog_002827
afhq_cat_011311,15,afhq_dog_003389
afhq_cat_009689,1,afhq_dog_003009
afhq_cat_009689,2,afhq_dog_004217
afhq_cat_009689,3,afhq_dog_002644
afhq_cat_009689,4,afhq_dog_002765
afhq_cat_009689,5,afhq_dog_004619
afhq_cat_009689,6,afhq_dog_000356
afhq_cat_009689,7,afhq_dog_000367
afhq_cat_009689,8,afhq_dog_001463
afhq_cat_009689,9,afhq_dog_000640
afhq_cat_009689,10,afhq_dog_002745
afhq_cat_009689,11,afhq_dog_003657
afhq_cat_009689,12,afhq_dog_002378
afhq_cat_009689,13,afhq_dog_015064
afhq_cat_009689,14,afhq_dog_000733
afhq_cat_009689,15,afhq_dog_000845
afhq_cat_010085,1,afhq_dog_004472
afhq_cat_010085,2,afhq_dog_001701
afhq_cat_010085,3,afhq_dog_002105
afhq_cat_010085,4,afhq_dog_014910
afhq_cat_010085,5,afhq_dog_001463
afhq_cat_010085,6,afhq_dog_004721
afhq_cat_010085,7,afhq_dog_014950
afhq_cat_010085,8,afhq_dog_002827
afhq_cat_010085,9,afhq_dog_004026
afhq_cat_010085,10,afhq_dog_003454
afhq_cat_010085,11,afhq_dog_003553
afhq_cat_010085,12,afhq_dog_002449
afhq_cat_010085,13,afhq_dog_000659
afhq_cat_010085,14,afhq_dog_003389
afhq_cat_010085,15,afhq_dog_014840
afhq_cat_011716,1,afhq_dog_001283
afhq_cat_011716,2,afhq_dog_001277
afhq_cat_011716,3,afhq_dog_004082
afhq_cat_011716,4,afhq_dog_003551
afhq_cat_011716,5,afhq_dog_001809
afhq_cat_011716,6,afhq_dog_004195
afhq_cat_011716,7,afhq_dog_014921
afhq_cat_011716,8,afhq_dog_003002
afhq_cat_011716,9,afhq_dog_004391
afhq_cat_011716,10,afhq_dog_004317
afhq_cat_011716,11,afhq_dog_003644
afhq_cat_011716,12,afhq_dog_000733
afhq_cat_011716,13,afhq_dog_002566
afhq_cat_011716,14,afhq_dog_001878
afhq_cat_011716,15,afhq_dog_003967
afhq_cat_010622,1,afhq_dog_004721
afhq_cat_010622,2,afhq_dog_000029
afhq_cat_010622,3,afhq_dog_002481
afhq_cat_010622,4,afhq_dog_004542
afhq_cat_010622,5,afhq_dog_003564
afhq_cat_010622,6,afhq_dog_002125
afhq_cat_010622,7,afhq_dog_002889
afhq_cat_010622,8,afhq_dog_002827
afhq_cat_010622,9,afhq_dog_002809
afhq_cat_010622,10,afhq_dog_004026
afhq_cat_010622,11,afhq_dog_000845
afhq_cat_010622,12,afhq_dog_001071
afhq_cat_010622,13,afhq_dog_004082
afhq_cat_010622,14,afhq_dog_001701
afhq_cat_010622,15,afhq_dog_001463
afhq_cat_013652,1,afhq_dog_003424
afhq_cat_013652,2,afhq_dog_003636
afhq_cat_013652,3,afhq_dog_015041
afhq_cat_013652,4,afhq_dog_004317
afhq_cat_013652,5,afhq_dog_003722
afhq_cat_013652,6,afhq_dog_002692
afhq_cat_013652,7,afhq_dog_004512
afhq_cat_013652,8,afhq_dog_001809
afhq_cat_013652,9,afhq_dog_001342
afhq_cat_013652,10,afhq_dog_014903
afhq_cat_013652,11,afhq_dog_004082
afhq_cat_013652,12,afhq_dog_014950
afhq_cat_013652,13,afhq_dog_000909
afhq_cat_013652,14,afhq_dog_000087
afhq_cat_013652,15,afhq_dog_014645
afhq_cat_009669,1,afhq_dog_000967
afhq_cat_009669,2,afhq_dog_003707
afhq_cat_009669,3,afhq_dog_001049
afhq_cat_009669,4,afhq_dog_003722
afhq_cat_009669,5,afhq_dog_002806
afhq_cat_009669,6,afhq_dog_000883
afhq_cat_009669,7,afhq_dog_001310
afhq_cat_009669,8,afhq_dog_014741
afhq_cat_009669,9,afhq_dog_000363
afhq_cat_009669,10,afhq_dog_002356
afhq_cat_009669,11,afhq_dog_002447
afhq_cat_009669,12,afhq_dog_002613
afhq_cat_009669,13,afhq_dog_014881
afhq_cat_009669,14,afhq_dog_004217
afhq_cat_009669,15,afhq_dog_002820
afhq_cat_016015,1,afhq_dog_002765
afhq_cat_016015,2,afhq_dog_002827
afhq_cat_016015,3,afhq_dog_014910
afhq_cat_016015,4,afhq_dog_001277
afhq_cat_016015,5,afhq_dog_000965
afhq_cat_016015,6,afhq_dog_004188
afhq_cat_016015,7,afhq_dog_001701
afhq_cat_016015,8,afhq_dog_002517
afhq_cat_016015,9,afhq_dog_000367
afhq_cat_016015,10,afhq_dog_000822
afhq_cat_016015,11,afhq_dog_000547
afhq_cat_016015,12,afhq_dog_014843
afhq_cat_016015,13,afhq_dog_002365
afhq_cat_016015,14,afhq_dog_003901
afhq_cat_016015,15,afhq_dog_004317
afhq_cat_009532,1,afhq_dog_001735
afhq_cat_009532,2,afhq_dog_014741
afhq_cat_009532,3,afhq_dog_003707
afhq_cat_009532,4,afhq_dog_000733
afhq_cat_009532,5,afhq_dog_004619
afhq_cat_009532,6,afhq_dog_002898
afhq_cat_009532,7,afhq_dog_000162
afhq_cat_009532,8,afhq_dog_002447
afhq_cat_009532,9,afhq_dog_002945
afhq_cat_009532,10,afhq_dog_002105
afhq_cat_009532,11,afhq_dog_001893
afhq_cat_009532,12,afhq_dog_003825
afhq_cat_009532,13,afhq_dog_002000
afhq_cat_009532,14,afhq_dog_000590
afhq_cat_009532,15,afhq_dog_000967
afhq_cat_010107,1,afhq_dog_015064
afhq_cat_010107,2,afhq_dog_002363
afhq_cat_010107,3,afhq_dog_014774
afhq_cat_010107,4,afhq_dog_004512
afhq_cat_010107,5,afhq_dog_002178
afhq_cat_010107,6,afhq_dog_002031
afhq_cat_010107,7,afhq_dog_000007
afhq_cat_010107,8,afhq_dog_002644
afhq_cat_010107,9,afhq_dog_003382
afhq_cat_010107,10,afhq_dog_000688
afhq_cat_010107,11,afhq_dog_003935
afhq_cat_010107,12,afhq_dog_001809
afhq_cat_010107,13,afhq_dog_004317
afhq_cat_010107,14,afhq_dog_001016
afhq_cat_010107,15,afhq_dog_004721
afhq_cat_016080,1,afhq_dog_003356
afhq_cat_016080,2,afhq_dog_002566
afhq_cat_016080,3,afhq_dog_000087
afhq_cat_016080,4,afhq_dog_002644
afhq_cat_016080,5,afhq_dog_001781
afhq_cat_016080,6,afhq_dog_000612
afhq_cat_016080,7,afhq_dog_003188
afhq_cat_016080,8,afhq_dog_003795
afhq_cat_016080,9,afhq_dog_001302
afhq_cat_016080,10,afhq_dog_002363
afhq_cat_016080,11,afhq_dog_004217
afhq_cat_016080,12,afhq_dog_001544
afhq_cat_016080,13,afhq_dog_003722
afhq_cat_016080,14,afhq_dog_003564
afhq_cat_016080,15,afhq_dog_000706
afhq_cat_016002,1,afhq_dog_003825
afhq_cat_016002,2,afhq_dog_002040
afhq_cat_016002,3,afhq_dog_001762
afhq_cat_016002,4,afhq_dog_003454
afhq_cat_016002,5,afhq_dog_002644
afhq_cat_016002,6,afhq_dog_000640
afhq_cat_016002,7,afhq_dog_003967
afhq_cat_016002,8,afhq_dog_004103
afhq_cat_016002,9,afhq_dog_003289
afhq_cat_016002,10,afhq_dog_003250
afhq_cat_016002,11,afhq_dog_000390
afhq_cat_016002,12,afhq_dog_000704
afhq_cat_016002,13,afhq_dog_000370
afhq_cat_016002,14,afhq_dog_000029
afhq_cat_016002,15,afhq_dog_000162
afhq_cat_009773,1,afhq_dog_001851
afhq_cat_009773,2,afhq_dog_004199
afhq_cat_009773,3,afhq_dog_004139
afhq_cat_009773,4,afhq_dog_000640
afhq_cat_009773,5,afhq_dog_003644
afhq_cat_009773,6,afhq_dog_002968
afhq_cat_009773,7,afhq_dog_014685
afhq_cat_009773,8,afhq_dog_014741
afhq_cat_009773,9,afhq_dog_003289
afhq_cat_009773,10,afhq_dog_003552
afhq_cat_009773,11,afhq_dog_003825
afhq_cat_009773,12,afhq_dog_002378
afhq_cat_009773,13,afhq_dog_001604
afhq_cat_009773,14,afhq_dog_000326
afhq_cat_009773,15,afhq_dog_001762
afhq_cat_013968,1,afhq_dog_004391
afhq_cat_013968,2,afhq_dog_004591
afhq_cat_013968,3,afhq_dog_001727
afhq_cat_013968,4,afhq_dog_002439
afhq_cat_013968,5,afhq_dog_004494
afhq_cat_013968,6,afhq_dog_003985
afhq_cat_013968,7,afhq_dog_001283
afhq_cat_013968,8,afhq_dog_000079
afhq_cat_013968,9,afhq_dog_004317
afhq_cat_013968,10,afhq_dog_003901
afhq_cat_013968,11,afhq_dog_004217
afhq_cat_013968,12,afhq_dog_004199
afhq_cat_013968,13,afhq_dog_002449
afhq_cat_013968,14,afhq_dog_002040
afhq_cat_013968,15,afhq_dog_002015
afhq_cat_011593,1,afhq_dog_003009
afhq_cat_011593,2,afhq_dog_004217
afhq_cat_011593,3,afhq_dog_002644
afhq_cat_011593,4,afhq_dog_004619
afhq_cat_011593,5,afhq_dog_000367
afhq_cat_011593,6,afhq_dog_001463
afhq_cat_011593,7,afhq_dog_015064
afhq_cat_011593,8,afhq_dog_014774
afhq_cat_011593,9,afhq_dog_000640
afhq_cat_011593,10,afhq_dog_002745
afhq_cat_011593,11,afhq_dog_004591
afhq_cat_011593,12,afhq_dog_002378
afhq_cat_011593,13,afhq_dog_000345
afhq_cat_011593,14,afhq_dog_000845
afhq_cat_011593,15,afhq_dog_002765
afhq_cat_010242,1,afhq_dog_002340
afhq_cat_010242,2,afhq_dog_001781
afhq_cat_010242,3,afhq_dog_003644
afhq_cat_010242,4,afhq_dog_002015
afhq_cat_010242,5,afhq_dog_001240
afhq_cat_010242,6,afhq_dog_002294
afhq_cat_010242,7,afhq_dog_014741
afhq_cat_010242,8,afhq_dog_003188
afhq_cat_010242,9,afhq_dog_000612
afhq_cat_010242,10,afhq_dog_014850
afhq_cat_010242,11,afhq_dog_004391
afhq_cat_010242,12,afhq_dog_003628
afhq_cat_010242,13,afhq_dog_015118
afhq_cat_010242,14,afhq_dog_003722
afhq_cat_010242,15,afhq_dog_014843
afhq_cat_016079,1,afhq_dog_004345
afhq_cat_016079,2,afhq_dog_014840
afhq_cat_016079,3,afhq_dog_003825
afhq_cat_016079,4,afhq_dog_000967
afhq_cat_016079,5,afhq_dog_003707
afhq_cat_016079,6,afhq_dog_003188
afhq_cat_016079,7,afhq_dog_002356
afhq_cat_016079,8,afhq_dog_004199
afhq_cat_016079,9,afhq_dog_000326
afhq_cat_016079,10,afhq_dog_001762
afhq_cat_016079,11,afhq_dog_003335
afhq_cat_016079,12,afhq_dog_002046
afhq_cat_016079,13,afhq_dog_014741
afhq_cat_016079,14,afhq_dog_002392
afhq_cat_016079,15,afhq_dog_000130
afhq_cat_012565,1,afhq_dog_001283
afhq_cat_012565,2,afhq_dog_002517
afhq_cat_012565,3,afhq_dog_004250
afhq_cat_012565,4,afhq_dog_000845
afhq_cat_012565,5,afhq_dog_004317
afhq_cat_012565,6,afhq_dog_002392
afhq_cat_012565,7,afhq_dog_003709
afhq_cat_012565,8,afhq_dog_001781
afhq_cat_012565,9,afhq_dog_002644
afhq_cat_012565,10,afhq_dog_002294
afhq_cat_012565,11,afhq_dog_000336
afhq_cat_012565,12,afhq_dog_002000
afhq_cat_012565,13,afhq_dog_001277
afhq_cat_012565,14,afhq_dog_004203
afhq_cat_012565,15,afhq_dog_003722
afhq_cat_009713,1,afhq_dog_015064
afhq_cat_009713,2,afhq_dog_001071
afhq_cat_009713,3,afhq_dog_002827
afhq_cat_009713,4,afhq_dog_014840
afhq_cat_009713,5,afhq_dog_001240
afhq_cat_009713,6,afhq_dog_002644
afhq_cat_009713,7,afhq_dog_002801
afhq_cat_009713,8,afhq_dog_004391
afhq_cat_009713,9,afhq_dog_002968
afhq_cat_009713,10,afhq_dog_000540
afhq_cat_009713,11,afhq_dog_000547
afhq_cat_009713,12,afhq_dog_000356
afhq_cat_009713,13,afhq_dog_014685
afhq_cat_009713,14,afhq_dog_002130
afhq_cat_009713,15,afhq_dog_000477
afhq_cat_010478,1,afhq_dog_002841
afhq_cat_010478,2,afhq_dog_000920
afhq_cat_010478,3,afhq_dog_002481
afhq_cat_010478,4,afhq_dog_000026
afhq_cat_010478,5,afhq_dog_002889
afhq_cat_010478,6,afhq_dog_002363
afhq_cat_010478,7,afhq_dog_014908
afhq_cat_010478,8,afhq_dog_004300
afhq_cat_010478,9,afhq_dog_000390
afhq_cat_010478,10,afhq_dog_002015
afhq_cat_010478,11,afhq_dog_000967
afhq_cat_010478,12,afhq_dog_002745
afhq_cat_010478,13,afhq_dog_003707
afhq_cat_010478,14,afhq_dog_014950
afhq_cat_010478,15,afhq_dog_002898
afhq_cat_011637,1,afhq_dog_003051
afhq_cat_011637,2,afhq_dog_000822
afhq_cat_011637,3,afhq_dog_004159
afhq_cat_011637,4,afhq_dog_000659
afhq_cat_011637,5,afhq_dog_002801
afhq_cat_011637,6,afhq_dog_002015
afhq_cat_011637,7,afhq_dog_004391
afhq_cat_011637,8,afhq_dog_000370
afhq_cat_011637,9,afhq_dog_002827
afhq_cat_011637,10,afhq_dog_002765
afhq_cat_011637,11,afhq_dog_002898
afhq_cat_011637,12,afhq_dog_002391
afhq_cat_011637,13,afhq_dog_002517
afhq_cat_011637,14,afhq_dog_014840
afhq_cat_011637,15,afhq_dog_000390
afhq_cat_013513,1,afhq_dog_002178
afhq_cat_013513,2,afhq_dog_004345
afhq_cat_013513,3,afhq_dog_003389
afhq_cat_013513,4,afhq_dog_001310
afhq_cat_013513,5,afhq_dog_004195
afhq_cat_013513,6,afhq_dog_000129
afhq_cat_013513,7,afhq_dog_002447
afhq_cat_013513,8,afhq_dog_000130
afhq_cat_013513,9,afhq_dog_004300
afhq_cat_013513,10,afhq_dog_014908
afhq_cat_013513,11,afhq_dog_002366
afhq_cat_013513,12,afhq_dog_014685
afhq_cat_013513,13,afhq_dog_001049
afhq_cat_013513,14,afhq_dog_002040
afhq_cat_013513,15,afhq_dog_004296
afhq_cat_012660,1,afhq_dog_014933
afhq_cat_012660,2,afhq_dog_014843
afhq_cat_012660,3,afhq_dog_004082
afhq_cat_012660,4,afhq_dog_004250
afhq_cat_012660,5,afhq_dog_003830
afhq_cat_012660,6,afhq_dog_000336
afhq_cat_012660,7,afhq_dog_003002
afhq_cat_012660,8,afhq_dog_003424
afhq_cat_012660,9,afhq_dog_002000
afhq_cat_012660,10,afhq_dog_000909
afhq_cat_012660,11,afhq_dog_000370
afhq_cat_012660,12,afhq_dog_001851
afhq_cat_012660,13,afhq_dog_014774
afhq_cat_012660,14,afhq_dog_003967
afhq_cat_012660,15,afhq_dog_002447
afhq_cat_010608,1,afhq_dog_002806
afhq_cat_010608,2,afhq_dog_003382
afhq_cat_010608,3,afhq_dog_004199
afhq_cat_010608,4,afhq_dog_003644
afhq_cat_010608,5,afhq_dog_002591
afhq_cat_010608,6,afhq_dog_001893
afhq_cat_010608,7,afhq_dog_004317
afhq_cat_010608,8,afhq_dog_000326
afhq_cat_010608,9,afhq_dog_002801
afhq_cat_010608,10,afhq_dog_002046
afhq_cat_010608,11,afhq_dog_002841
afhq_cat_010608,12,afhq_dog_003849
afhq_cat_010608,13,afhq_dog_002363
afhq_cat_010608,14,afhq_dog_002945
afhq_cat_010608,15,afhq_dog_001809
afhq_cat_013456,1,afhq_dog_002392
afhq_cat_013456,2,afhq_dog_002809
afhq_cat_013456,3,afhq_dog_002517
afhq_cat_013456,4,afhq_dog_004721
afhq_cat_013456,5,afhq_dog_004250
afhq_cat_013456,6,afhq_dog_000370
afhq_cat_013456,7,afhq_dog_001701
afhq_cat_013456,8,afhq_dog_002560
afhq_cat_013456,9,afhq_dog_004317
afhq_cat_013456,10,afhq_dog_003849
afhq_cat_013456,11,afhq_dog_001893
afhq_cat_013456,12,afhq_dog_004117
afhq_cat_013456,13,afhq_dog_002945
afhq_cat_013456,14,afhq_dog_001809
afhq_cat_013456,15,afhq_dog_014840
afhq_cat_013024,1,afhq_dog_003985
afhq_cat_013024,2,afhq_dog_003531
afhq_cat_013024,3,afhq_dog_000612
afhq_cat_013024,4,afhq_dog_003188
afhq_cat_013024,5,afhq_dog_003722
afhq_cat_013024,6,afhq_dog_002378
afhq_cat_013024,7,afhq_dog_004159
afhq_cat_013024,8,afhq_dog_014910
afhq_cat_013024,9,afhq_dog_003589
afhq_cat_013024,10,afhq_dog_000370
afhq_cat_013024,11,afhq_dog_003935
afhq_cat_013024,12,afhq_dog_003002
afhq_cat_013024,13,afhq_dog_015064
afhq_cat_013024,14,afhq_dog_004123
afhq_cat_013024,15,afhq_dog_004188
afhq_cat_011602,1,afhq_dog_001302
afhq_cat_011602,2,afhq_dog_002881
afhq_cat_011602,3,afhq_dog_003250
afhq_cat_011602,4,afhq_dog_002365
afhq_cat_011602,5,afhq_dog_002889
afhq_cat_011602,6,afhq_dog_002321
afhq_cat_011602,7,afhq_dog_015118
afhq_cat_011602,8,afhq_dog_000044
afhq_cat_011602,9,afhq_dog_003895
afhq_cat_011602,10,afhq_dog_003644
afhq_cat_011602,11,afhq_dog_002459
afhq_cat_011602,12,afhq_dog_001334
afhq_cat_011602,13,afhq_dog_014850
afhq_cat_011602,14,afhq_dog_002046
afhq_cat_011602,15,afhq_dog_015074
afhq_cat_012034,1,afhq_dog_004542
afhq_cat_012034,2,afhq_dog_003564
afhq_cat_012034,3,afhq_dog_002125
afhq_cat_012034,4,afhq_dog_002889
afhq_cat_012034,5,afhq_dog_001277
afhq_cat_012034,6,afhq_dog_000540
afhq_cat_012034,7,afhq_dog_000883
afhq_cat_012034,8,afhq_dog_001283
afhq_cat_012034,9,afhq_dog_002391
afhq_cat_012034,10,afhq_dog_003589
afhq_cat_012034,11,afhq_dog_000810
afhq_cat_012034,12,afhq_dog_004607
afhq_cat_012034,13,afhq_dog_003890
afhq_cat_012034,14,afhq_dog_004591
afhq_cat_012034,15,afhq_dog_001701
afhq_cat_011050,1,afhq_dog_003589
afhq_cat_011050,2,afhq_dog_001762
afhq_cat_011050,3,afhq_dog_003825
afhq_cat_011050,4,afhq_dog_002291
afhq_cat_011050,5,afhq_dog_000007
afhq_cat_011050,6,afhq_dog_000231
afhq_cat_011050,7,afhq_dog_000162
afhq_cat_011050,8,afhq_dog_001016
afhq_cat_011050,9,afhq_dog_002806
afhq_cat_011050,10,afhq_dog_015119
afhq_cat_011050,11,afhq_dog_004199
afhq_cat_011050,12,afhq_dog_004296
afhq_cat_011050,13,afhq_dog_003424
afhq_cat_011050,14,afhq_dog_003454
afhq_cat_011050,15,afhq_dog_002765
afhq_cat_012279,1,afhq_dog_004203
afhq_cat_012279,2,afhq_dog_003551
afhq_cat_012279,3,afhq_dog_002378
afhq_cat_012279,4,afhq_dog_001809
afhq_cat_012279,5,afhq_dog_002841
afhq_cat_012279,6,afhq_dog_000540
afhq_cat_012279,7,afhq_dog_014840
afhq_cat_012279,8,afhq_dog_002893
afhq_cat_012279,9,afhq_dog_001283
afhq_cat_012279,10,afhq_dog_002481
afhq_cat_012279,11,afhq_dog_000920
afhq_cat_012279,12,afhq_dog_003002
afhq_cat_012279,13,afhq_dog_001727
afhq_cat_012279,14,afhq_dog_000026
afhq_cat_012279,15,afhq_dog_014774
afhq_cat_014024,1,afhq_dog_002765
afhq_cat_014024,2,afhq_dog_000370
afhq_cat_014024,3,afhq_dog_000477
afhq_cat_014024,4,afhq_dog_000087
afhq_cat_014024,5,afhq_dog_015119
afhq_cat_014024,6,afhq_dog_001071
afhq_cat_014024,7,afhq_dog_000162
afhq_cat_014024,8,afhq_dog_003901
afhq_cat_014024,9,afhq_dog_003454
afhq_cat_014024,10,afhq_dog_002517
afhq_cat_014024,11,afhq_dog_000822
afhq_cat_014024,12,afhq_dog_014840
afhq_cat_014024,13,afhq_dog_000130
afhq_cat_014024,14,afhq_dog_004159
afhq_cat_014024,15,afhq_dog_000029
afhq_cat_012208,1,afhq_dog_004103
afhq_cat_012208,2,afhq_dog_001850
afhq_cat_012208,3,afhq_dog_014741
afhq_cat_012208,4,afhq_dog_000733
afhq_cat_012208,5,afhq_dog_004317
afhq_cat_012208,6,afhq_dog_002898
afhq_cat_012208,7,afhq_dog_000370
afhq_cat_012208,8,afhq_dog_002827
afhq_cat_012208,9,afhq_dog_001735
afhq_cat_012208,10,afhq_dog_000972
afhq_cat_012208,11,afhq_dog_002801
afhq_cat_012208,12,afhq_dog_001283
afhq_cat_012208,13,afhq_dog_002806
afhq_cat_012208,14,afhq_dog_002945
afhq_cat_012208,15,afhq_dog_002291
afhq_cat_010428,1,afhq_dog_003967
afhq_cat_010428,2,afhq_dog_000972
afhq_cat_010428,3,afhq_dog_003454
afhq_cat_010428,4,afhq_dog_001727
afhq_cat_010428,5,afhq_dog_003830
afhq_cat_010428,6,afhq_dog_000477
afhq_cat_010428,7,afhq_dog_000029
afhq_cat_010428,8,afhq_dog_014676
afhq_cat_010428,9,afhq_dog_003825
afhq_cat_010428,10,afhq_dog_003531
afhq_cat_010428,11,afhq_dog_001781
afhq_cat_010428,12,afhq_dog_004250
afhq_cat_010428,13,afhq_dog_002366
afhq_cat_010428,14,afhq_dog_004103
afhq_cat_010428,15,afhq_dog_003564
afhq_cat_015634,1,afhq_dog_000029
afhq_cat_015634,2,afhq_dog_003051
afhq_cat_015634,3,afhq_dog_003389
afhq_cat_015634,4,afhq_dog_002827
afhq_cat_015634,5,afhq_dog_004123
afhq_cat_015634,6,afhq_dog_002692
afhq_cat_015634,7,afhq_dog_003924
afhq_cat_015634,8,afhq_dog_000822
afhq_cat_015634,9,afhq_dog_003707
afhq_cat_015634,10,afhq_dog_002765
afhq_cat_015634,11,afhq_dog_003636
afhq_cat_015634,12,afhq_dog_000590
afhq_cat_015634,13,afhq_dog_000659
afhq_cat_015634,14,afhq_dog_003553
afhq_cat_015634,15,afhq_dog_004026
afhq_cat_010714,1,afhq_dog_000345
afhq_cat_010714,2,afhq_dog_001277
afhq_cat_010714,3,afhq_dog_000659
afhq_cat_010714,4,afhq_dog_002945
afhq_cat_010714,5,afhq_dog_002365
afhq_cat_010714,6,afhq_dog_003454
afhq_cat_010714,7,afhq_dog_000477
afhq_cat_010714,8,afhq_dog_014741
afhq_cat_010714,9,afhq_dog_003644
afhq_cat_010714,10,afhq_dog_000547
afhq_cat_010714,11,afhq_dog_002000
afhq_cat_010714,12,afhq_dog_002901
afhq_cat_010714,13,afhq_dog_000367
afhq_cat_010714,14,afhq_dog_000965
afhq_cat_010714,15,afhq_dog_004188
afhq_cat_016000,1,afhq_dog_014910
afhq_cat_016000,2,afhq_dog_001308
afhq_cat_016000,3,afhq_dog_003556
afhq_cat_016000,4,afhq_dog_003975
afhq_cat_016000,5,afhq_dog_002321
afhq_cat_016000,6,afhq_dog_002040
afhq_cat_016000,7,afhq_dog_002517
afhq_cat_016000,8,afhq_dog_004250
afhq_cat_016000,9,afhq_dog_004123
afhq_cat_016000,10,afhq_dog_000845
afhq_cat_016000,11,afhq_dog_001508
afhq_cat_016000,12,afhq_dog_000356
afhq_cat_016000,13,afhq_dog_003901
afhq_cat_016000,14,afhq_dog_002392
afhq_cat_016000,15,afhq_dog_003985
afhq_cat_012150,1,afhq_dog_002113
afhq_cat_012150,2,afhq_dog_001544
afhq_cat_012150,3,afhq_dog_003825
afhq_cat_012150,4,afhq_dog_014676
afhq_cat_012150,5,afhq_dog_003795
afhq_cat_012150,6,afhq_dog_004082
afhq_cat_012150,7,afhq_dog_014741
afhq_cat_012150,8,afhq_dog_004512
afhq_cat_012150,9,afhq_dog_000044
afhq_cat_012150,10,afhq_dog_000074
afhq_cat_012150,11,afhq_dog_004296
afhq_cat_012150,12,afhq_dog_002000
afhq_cat_012150,13,afhq_dog_001461
afhq_cat_012150,14,afhq_dog_004300
afhq_cat_012150,15,afhq_dog_004217
afhq_cat_012678,1,afhq_dog_000540
afhq_cat_012678,2,afhq_dog_002481
afhq_cat_012678,3,afhq_dog_014774
afhq_cat_012678,4,afhq_dog_002827
afhq_cat_012678,5,afhq_dog_015064
afhq_cat_012678,6,afhq_dog_003924
afhq_cat_012678,7,afhq_dog_000390
afhq_cat_012678,8,afhq_dog_002560
afhq_cat_012678,9,afhq_dog_001701
afhq_cat_012678,10,afhq_dog_004472
afhq_cat_012678,11,afhq_dog_004026
afhq_cat_012678,12,afhq_dog_003424
afhq_cat_012678,13,afhq_dog_002363
afhq_cat_012678,14,afhq_dog_000822
afhq_cat_012678,15,afhq_dog_003356
afhq_cat_014006,1,afhq_dog_003389
afhq_cat_014006,2,afhq_dog_000845
afhq_cat_014006,3,afhq_dog_002366
afhq_cat_014006,4,afhq_dog_015064
afhq_cat_014006,5,afhq_dog_000129
afhq_cat_014006,6,afhq_dog_002447
afhq_cat_014006,7,afhq_dog_002105
afhq_cat_014006,8,afhq_dog_002745
afhq_cat_014006,9,afhq_dog_004217
afhq_cat_014006,10,afhq_dog_002692
afhq_cat_014006,11,afhq_dog_003335
afhq_cat_014006,12,afhq_dog_003890
afhq_cat_014006,13,afhq_dog_015118
afhq_cat_014006,14,afhq_dog_003644
afhq_cat_014006,15,afhq_dog_004472
afhq_cat_009710,1,afhq_dog_003849
afhq_cat_009710,2,afhq_dog_004203
afhq_cat_009710,3,afhq_dog_000477
afhq_cat_009710,4,afhq_dog_002827
afhq_cat_009710,5,afhq_dog_003644
afhq_cat_009710,6,afhq_dog_002481
afhq_cat_009710,7,afhq_dog_003250
afhq_cat_009710,8,afhq_dog_014910
afhq_cat_009710,9,afhq_dog_003890
afhq_cat_009710,10,afhq_dog_003551
afhq_cat_009710,11,afhq_dog_004026
afhq_cat_009710,12,afhq_dog_001809
afhq_cat_009710,13,afhq_dog_002378
afhq_cat_009710,14,afhq_dog_001878
afhq_cat_009710,15,afhq_dog_002517
afhq_cat_014285,1,afhq_dog_001508
afhq_cat_014285,2,afhq_dog_004123
afhq_cat_014285,3,afhq_dog_000345
afhq_cat_014285,4,afhq_dog_014910
afhq_cat_014285,5,afhq_dog_003985
afhq_cat_014285,6,afhq_dog_002968
afhq_cat_014285,7,afhq_dog_014774
afhq_cat_014285,8,afhq_dog_000356
afhq_cat_014285,9,afhq_dog_002040
afhq_cat_014285,10,afhq_dog_001071
afhq_cat_014285,11,afhq_dog_003901
afhq_cat_014285,12,afhq_dog_004317
afhq_cat_014285,13,afhq_dog_001604
afhq_cat_014285,14,afhq_dog_002517
afhq_cat_014285,15,afhq_dog_004188
afhq_cat_015975,1,afhq_dog_003356
afhq_cat_015975,2,afhq_dog_002031
afhq_cat_015975,3,afhq_dog_004317
afhq_cat_015975,4,afhq_dog_003131
afhq_cat_015975,5,afhq_dog_000672
afhq_cat_015975,6,afhq_dog_001809
afhq_cat_015975,7,afhq_dog_003556
afhq_cat_015975,8,afhq_dog_014903
afhq_cat_015975,9,afhq_dog_002566
afhq_cat_015975,10,afhq_dog_002692
afhq_cat_015975,11,afhq_dog_015041
afhq_cat_015975,12,afhq_dog_014950
afhq_cat_015975,13,afhq_dog_003424
afhq_cat_015975,14,afhq_dog_000773
afhq_cat_015975,15,afhq_dog_002105
afhq_cat_014046,1,afhq_dog_002566
afhq_cat_014046,2,afhq_dog_000883
afhq_cat_014046,3,afhq_dog_004512
afhq_cat_014046,4,afhq_dog_002765
afhq_cat_014046,5,afhq_dog_000363
afhq_cat_014046,6,afhq_dog_003356
afhq_cat_014046,7,afhq_dog_002945
afhq_cat_014046,8,afhq_dog_002294
afhq_cat_014046,9,afhq_dog_001701
afhq_cat_014046,10,afhq_dog_004721
afhq_cat_014046,11,afhq_dog_002841
afhq_cat_014046,12,afhq_dog_002968
afhq_cat_014046,13,afhq_dog_014783
afhq_cat_014046,14,afhq_dog_001071
afhq_cat_014046,15,afhq_dog_004317
afhq_cat_013214,1,afhq_dog_000773
afhq_cat_013214,2,afhq_dog_002806
afhq_cat_013214,3,afhq_dog_014741
afhq_cat_013214,4,afhq_dog_002340
afhq_cat_013214,5,afhq_dog_000828
afhq_cat_013214,6,afhq_dog_003628
afhq_cat_013214,7,afhq_dog_003552
afhq_cat_013214,8,afhq_dog_003335
afhq_cat_013214,9,afhq_dog_000007
afhq_cat_013214,10,afhq_dog_000231
afhq_cat_013214,11,afhq_dog_003644
afhq_cat_013214,12,afhq_dog_000162
afhq_cat_013214,13,afhq_dog_000733
afhq_cat_013214,14,afhq_dog_002015
afhq_cat_013214,15,afhq_dog_004345
afhq_cat_012049,1,afhq_dog_002591
afhq_cat_012049,2,afhq_dog_003636
afhq_cat_012049,3,afhq_dog_002000
afhq_cat_012049,4,afhq_dog_002031
afhq_cat_012049,5,afhq_dog_004721
afhq_cat_012049,6,afhq_dog_000845
afhq_cat_012049,7,afhq_dog_014685
afhq_cat_012049,8,afhq_dog_015010
afhq_cat_012049,9,afhq_dog_004474
afhq_cat_012049,10,afhq_dog_002304
afhq_cat_012049,11,afhq_dog_000326
afhq_cat_012049,12,afhq_dog_004345
afhq_cat_012049,13,afhq_dog_003250
afhq_cat_012049,14,afhq_dog_000026
afhq_cat_012049,15,afhq_dog_015064
afhq_cat_011903,1,afhq_dog_002765
afhq_cat_011903,2,afhq_dog_000845
afhq_cat_011903,3,afhq_dog_000477
afhq_cat_011903,4,afhq_dog_001071
afhq_cat_011903,5,afhq_dog_000590
afhq_cat_011903,6,afhq_dog_002560
afhq_cat_011903,7,afhq_dog_004159
afhq_cat_011903,8,afhq_dog_014840
afhq_cat_011903,9,afhq_dog_000822
afhq_cat_011903,10,afhq_dog_000130
afhq_cat_011903,11,afhq_dog_003389
afhq_cat_011903,12,afhq_dog_004026
afhq_cat_011903,13,afhq_dog_002517
afhq_cat_011903,14,afhq_dog_002046
afhq_cat_011903,15,afhq_dog_001604
afhq_cat_013935,1,afhq_dog_002765
afhq_cat_013935,2,afhq_dog_001197
afhq_cat_013935,3,afhq_dog_000706
afhq_cat_013935,4,afhq_dog_004159
afhq_cat_013935,5,afhq_dog_000119
afhq_cat_013935,6,afhq_dog_002456
afhq_cat_013935,7,afhq_dog_000540
afhq_cat_013935,8,afhq_dog_000810
afhq_cat_013935,9,afhq_dog_002827
afhq_cat_013935,10,afhq_dog_000277
afhq_cat_013935,11,afhq_dog_000590
afhq_cat_013935,12,afhq_dog_014910
afhq_cat_013935,13,afhq_dog_003773
afhq_cat_013935,14,afhq_dog_001701
afhq_cat_013935,15,afhq_dog_001071
afhq_cat_012720,1,afhq_dog_003830
afhq_cat_012720,2,afhq_dog_003825
afhq_cat_012720,3,afhq_dog_000336
afhq_cat_012720,4,afhq_dog_014676
afhq_cat_012720,5,afhq_dog_000688
afhq_cat_012720,6,afhq_dog_003935
afhq_cat_012720,7,afhq_dog_002031
afhq_cat_012720,8,afhq_dog_002439
afhq_cat_012720,9,afhq_dog_001809
afhq_cat_012720,10,afhq_dog_003002
afhq_cat_012720,11,afhq_dog_014741
afhq_cat_012720,12,afhq_dog_003636
afhq_cat_012720,13,afhq_dog_002517
afhq_cat_012720,14,afhq_dog_002365
afhq_cat_012720,15,afhq_dog_004721
afhq_cat_009884,1,afhq_dog_004530
afhq_cat_009884,2,afhq_dog_001071
afhq_cat_009884,3,afhq_dog_004721
afhq_cat_009884,4,afhq_dog_015010
afhq_cat_009884,5,afhq_dog_004474
afhq_cat_009884,6,afhq_dog_002304
afhq_cat_009884,7,afhq_dog_000845
afhq_cat_009884,8,afhq_dog_003250
afhq_cat_009884,9,afhq_dog_014908
afhq_cat_009884,10,afhq_dog_000029
afhq_cat_009884,11,afhq_dog_000547
afhq_cat_009884,12,afhq_dog_014685
afhq_cat_009884,13,afhq_dog_000477
afhq_cat_009884,14,afhq_dog_001952
afhq_cat_009884,15,afhq_dog_003849
afhq_cat_010035,1,afhq_dog_000967
afhq_cat_010035,2,afhq_dog_003707
afhq_cat_010035,3,afhq_dog_014685
afhq_cat_010035,4,afhq_dog_001310
afhq_cat_010035,5,afhq_dog_002806
afhq_cat_010035,6,afhq_dog_000363
afhq_cat_010035,7,afhq_dog_004296
afhq_cat_010035,8,afhq_dog_000109
afhq_cat_010035,9,afhq_dog_003722
afhq_cat_010035,10,afhq_dog_004217
afhq_cat_010035,11,afhq_dog_002105
afhq_cat_010035,12,afhq_dog_001850
afhq_cat_010035,13,afhq_dog_001049
afhq_cat_010035,14,afhq_dog_003085
afhq_cat_010035,15,afhq_dog_002045
afhq_cat_015774,1,afhq_dog_002015
afhq_cat_015774,2,afhq_dog_002340
afhq_cat_015774,3,afhq_dog_004317
afhq_cat_015774,4,afhq_dog_000087
afhq_cat_015774,5,afhq_dog_003188
afhq_cat_015774,6,afhq_dog_002806
afhq_cat_015774,7,afhq_dog_000162
afhq_cat_015774,8,afhq_dog_000370
afhq_cat_015774,9,afhq_dog_001850
afhq_cat_015774,10,afhq_dog_002113
afhq_cat_015774,11,afhq_dog_001544
afhq_cat_015774,12,afhq_dog_002291
afhq_cat_015774,13,afhq_dog_002745
afhq_cat_015774,14,afhq_dog_000007
afhq_cat_015774,15,afhq_dog_001781
afhq_cat_009898,1,afhq_dog_003795
afhq_cat_009898,2,afhq_dog_004199
afhq_cat_009898,3,afhq_dog_002692
afhq_cat_009898,4,afhq_dog_003636
afhq_cat_009898,5,afhq_dog_002291
afhq_cat_009898,6,afhq_dog_003709
afhq_cat_009898,7,afhq_dog_003825
afhq_cat_009898,8,afhq_dog_001851
afhq_cat_009898,9,afhq_dog_002000
afhq_cat_009898,10,afhq_dog_014676
afhq_cat_009898,11,afhq_dog_001049
afhq_cat_009898,12,afhq_dog_001762
afhq_cat_009898,13,afhq_dog_004123
afhq_cat_009898,14,afhq_dog_002015
afhq_cat_009898,15,afhq_dog_000370
afhq_cat_012841,1,afhq_dog_003051
afhq_cat_012841,2,afhq_dog_002392
afhq_cat_012841,3,afhq_dog_002809
afhq_cat_012841,4,afhq_dog_002517
afhq_cat_012841,5,afhq_dog_000822
afhq_cat_012841,6,afhq_dog_004619
afhq_cat_012841,7,afhq_dog_004721
afhq_cat_012841,8,afhq_dog_004250
afhq_cat_012841,9,afhq_dog_000370
afhq_cat_012841,10,afhq_dog_002560
afhq_cat_012841,11,afhq_dog_000029
afhq_cat_012841,12,afhq_dog_002765
afhq_cat_012841,13,afhq_dog_014840
afhq_cat_012841,14,afhq_dog_001701
afhq_cat_012841,15,afhq_dog_002827
afhq_cat_012352,1,afhq_dog_002291
afhq_cat_012352,2,afhq_dog_001049
afhq_cat_012352,3,afhq_dog_002968
afhq_cat_012352,4,afhq_dog_003830
afhq_cat_012352,5,afhq_dog_002898
afhq_cat_012352,6,afhq_dog_003707
afhq_cat_012352,7,afhq_dog_002692
afhq_cat_012352,8,afhq_dog_000336
afhq_cat_012352,9,afhq_dog_002801
afhq_cat_012352,10,afhq_dog_002031
afhq_cat_012352,11,afhq_dog_002040
afhq_cat_012352,12,afhq_dog_000137
afhq_cat_012352,13,afhq_dog_002644
afhq_cat_012352,14,afhq_dog_014741
afhq_cat_012352,15,afhq_dog_003552
afhq_cat_013714,1,afhq_dog_014840
afhq_cat_013714,2,afhq_dog_004199
afhq_cat_013714,3,afhq_dog_000733
afhq_cat_013714,4,afhq_dog_003707
afhq_cat_013714,5,afhq_dog_001735
afhq_cat_013714,6,afhq_dog_004619
afhq_cat_013714,7,afhq_dog_002692
afhq_cat_013714,8,afhq_dog_015064
afhq_cat_013714,9,afhq_dog_001851
afhq_cat_013714,10,afhq_dog_001071
afhq_cat_013714,11,afhq_dog_003636
afhq_cat_013714,12,afhq_dog_002015
afhq_cat_013714,13,afhq_dog_002827
afhq_cat_013714,14,afhq_dog_001850
afhq_cat_013714,15,afhq_dog_000087
afhq_cat_012236,1,afhq_dog_002392
afhq_cat_012236,2,afhq_dog_002809
afhq_cat_012236,3,afhq_dog_004117
afhq_cat_012236,4,afhq_dog_002732
afhq_cat_012236,5,afhq_dog_002517
afhq_cat_012236,6,afhq_dog_001781
afhq_cat_012236,7,afhq_dog_004721
afhq_cat_012236,8,afhq_dog_004250
afhq_cat_012236,9,afhq_dog_000370
afhq_cat_012236,10,afhq_dog_002391
afhq_cat_012236,11,afhq_dog_004607
afhq_cat_012236,12,afhq_dog_000326
afhq_cat_012236,13,afhq_dog_003890
afhq_cat_012236,14,afhq_dog_004494
afhq_cat_012236,15,afhq_dog_003564
afhq_cat_011066,1,afhq_dog_014910
afhq_cat_011066,2,afhq_dog_003002
afhq_cat_011066,3,afhq_dog_004199
afhq_cat_011066,4,afhq_dog_000590
afhq_cat_011066,5,afhq_dog_000390
afhq_cat_011066,6,afhq_dog_001809
afhq_cat_011066,7,afhq_dog_002365
afhq_cat_011066,8,afhq_dog_000845
afhq_cat_011066,9,afhq_dog_004082
afhq_cat_011066,10,afhq_dog_002046
afhq_cat_011066,11,afhq_dog_003830
afhq_cat_011066,12,afhq_dog_001878
afhq_cat_011066,13,afhq_dog_004474
afhq_cat_011066,14,afhq_dog_003644
afhq_cat_011066,15,afhq_dog_000079
afhq_cat_009989,1,afhq_dog_001893
afhq_cat_009989,2,afhq_dog_003244
afhq_cat_009989,3,afhq_dog_003830
afhq_cat_009989,4,afhq_dog_000087
afhq_cat_009989,5,afhq_dog_000972
afhq_cat_009989,6,afhq_dog_015119
afhq_cat_009989,7,afhq_dog_000445
afhq_cat_009989,8,afhq_dog_002898
afhq_cat_009989,9,afhq_dog_003382
afhq_cat_009989,10,afhq_dog_004619
afhq_cat_009989,11,afhq_dog_000162
afhq_cat_009989,12,afhq_dog_003454
afhq_cat_009989,13,afhq_dog_000540
afhq_cat_009989,14,afhq_dog_002827
afhq_cat_009989,15,afhq_dog_004103
afhq_cat_011573,1,afhq_dog_015119
afhq_cat_011573,2,afhq_dog_000162
afhq_cat_011573,3,afhq_dog_003454
afhq_cat_011573,4,afhq_dog_001071
afhq_cat_011573,5,afhq_dog_000007
afhq_cat_011573,6,afhq_dog_001781
afhq_cat_011573,7,afhq_dog_004082
afhq_cat_011573,8,afhq_dog_000822
afhq_cat_011573,9,afhq_dog_000356
afhq_cat_011573,10,afhq_dog_014910
afhq_cat_011573,11,afhq_dog_004591
afhq_cat_011573,12,afhq_dog_004195
afhq_cat_011573,13,afhq_dog_003002
afhq_cat_011573,14,afhq_dog_004123
afhq_cat_011573,15,afhq_dog_003657
afhq_cat_010403,1,afhq_dog_002732
afhq_cat_010403,2,afhq_dog_001727
afhq_cat_010403,3,afhq_dog_004317
afhq_cat_010403,4,afhq_dog_014778
afhq_cat_010403,5,afhq_dog_003895
afhq_cat_010403,6,afhq_dog_002046
afhq_cat_010403,7,afhq_dog_000323
afhq_cat_010403,8,afhq_dog_003188
afhq_cat_010403,9,afhq_dog_003589
afhq_cat_010403,10,afhq_dog_004195
afhq_cat_010403,11,afhq_dog_000231
afhq_cat_010403,12,afhq_dog_002321
afhq_cat_010403,13,afhq_dog_003796
afhq_cat_010403,14,afhq_dog_000390
afhq_cat_010403,15,afhq_dog_003971
afhq_cat_014213,1,afhq_dog_000119
afhq_cat_014213,2,afhq_dog_002304
afhq_cat_014213,3,afhq_dog_002889
afhq_cat_014213,4,afhq_dog_000547
afhq_cat_014213,5,afhq_dog_000965
afhq_cat_014213,6,afhq_dog_004188
afhq_cat_014213,7,afhq_dog_001701
afhq_cat_014213,8,afhq_dog_001277
afhq_cat_014213,9,afhq_dog_002125
afhq_cat_014213,10,afhq_dog_002365
afhq_cat_014213,11,afhq_dog_000345
afhq_cat_014213,12,afhq_dog_001508
afhq_cat_014213,13,afhq_dog_000810
afhq_cat_014213,14,afhq_dog_003657
afhq_cat_014213,15,afhq_dog_004123
afhq_cat_010387,1,afhq_dog_003382
afhq_cat_010387,2,afhq_dog_002591
afhq_cat_010387,3,afhq_dog_002363
afhq_cat_010387,4,afhq_dog_002366
afhq_cat_010387,5,afhq_dog_014774
afhq_cat_010387,6,afhq_dog_000463
afhq_cat_010387,7,afhq_dog_001605
afhq_cat_010387,8,afhq_dog_003564
afhq_cat_010387,9,afhq_dog_001544
afhq_cat_010387,10,afhq_dog_002644
afhq_cat_010387,11,afhq_dog_000087
afhq_cat_010387,12,afhq_dog_014910
afhq_cat_010387,13,afhq_dog_002566
afhq_cat_010387,14,afhq_dog_004139
afhq_cat_010387,15,afhq_dog_003079
afhq_cat_014564,1,afhq_dog_000087
afhq_cat_014564,2,afhq_dog_002898
afhq_cat_014564,3,afhq_dog_002015
afhq_cat_014564,4,afhq_dog_000007
afhq_cat_014564,5,afhq_dog_000231
afhq_cat_014564,6,afhq_dog_002806
afhq_cat_014564,7,afhq_dog_002291
afhq_cat_014564,8,afhq_dog_001781
afhq_cat_014564,9,afhq_dog_000972
afhq_cat_014564,10,afhq_dog_002968
afhq_cat_014564,11,afhq_dog_003188
afhq_cat_014564,12,afhq_dog_003825
afhq_cat_014564,13,afhq_dog_002644
afhq_cat_014564,14,afhq_dog_002801
afhq_cat_014564,15,afhq_dog_000162
afhq_cat_010238,1,afhq_dog_002827
afhq_cat_010238,2,afhq_dog_002765
afhq_cat_010238,3,afhq_dog_003289
afhq_cat_010238,4,afhq_dog_002809
afhq_cat_010238,5,afhq_dog_003051
afhq_cat_010238,6,afhq_dog_002356
afhq_cat_010238,7,afhq_dog_003657
afhq_cat_010238,8,afhq_dog_002391
afhq_cat_010238,9,afhq_dog_000029
afhq_cat_010238,10,afhq_dog_003079
afhq_cat_010238,11,afhq_dog_004607
afhq_cat_010238,12,afhq_dog_003890
afhq_cat_010238,13,afhq_dog_000822
afhq_cat_010238,14,afhq_dog_000367
afhq_cat_010238,15,afhq_dog_002392
afhq_cat_015773,1,afhq_dog_003009
afhq_cat_015773,2,afhq_dog_004217
afhq_cat_015773,3,afhq_dog_002644
afhq_cat_015773,4,afhq_dog_004619
afhq_cat_015773,5,afhq_dog_000367
afhq_cat_015773,6,afhq_dog_002889
afhq_cat_015773,7,afhq_dog_001463
afhq_cat_015773,8,afhq_dog_000079
afhq_cat_015773,9,afhq_dog_015041
afhq_cat_015773,10,afhq_dog_002046
afhq_cat_015773,11,afhq_dog_003424
afhq_cat_015773,12,afhq_dog_000845
afhq_cat_015773,13,afhq_dog_000883
afhq_cat_015773,14,afhq_dog_001878
afhq_cat_015773,15,afhq_dog_001071
afhq_cat_011399,1,afhq_dog_002439
afhq_cat_011399,2,afhq_dog_014749
afhq_cat_011399,3,afhq_dog_004123
afhq_cat_011399,4,afhq_dog_003825
afhq_cat_011399,5,afhq_dog_004159
afhq_cat_011399,6,afhq_dog_001071
afhq_cat_011399,7,afhq_dog_002040
afhq_cat_011399,8,afhq_dog_001781
afhq_cat_011399,9,afhq_dog_000356
afhq_cat_011399,10,afhq_dog_002827
afhq_cat_011399,11,afhq_dog_004530
afhq_cat_011399,12,afhq_dog_002481
afhq_cat_011399,13,afhq_dog_003250
afhq_cat_011399,14,afhq_dog_003551
afhq_cat_011399,15,afhq_dog_004195
afhq_cat_012054,1,afhq_dog_000074
afhq_cat_012054,2,afhq_dog_001781
afhq_cat_012054,3,afhq_dog_000114
afhq_cat_012054,4,afhq_dog_003795
afhq_cat_012054,5,afhq_dog_000445
afhq_cat_012054,6,afhq_dog_001921
afhq_cat_012054,7,afhq_dog_002566
afhq_cat_012054,8,afhq_dog_004199
afhq_cat_012054,9,afhq_dog_001461
afhq_cat_012054,10,afhq_dog_000883
afhq_cat_012054,11,afhq_dog_001049
afhq_cat_012054,12,afhq_dog_000773
afhq_cat_012054,13,afhq_dog_001544
afhq_cat_012054,14,afhq_dog_003100
afhq_cat_012054,15,afhq_dog_004398
afhq_cat_010011,1,afhq_dog_004494
afhq_cat_010011,2,afhq_dog_001283
afhq_cat_010011,3,afhq_dog_004217
afhq_cat_010011,4,afhq_dog_004619
afhq_cat_010011,5,afhq_dog_000326
afhq_cat_010011,6,afhq_dog_003830
afhq_cat_010011,7,afhq_dog_015075
afhq_cat_010011,8,afhq_dog_002439
afhq_cat_010011,9,afhq_dog_002945
afhq_cat_010011,10,afhq_dog_002130
afhq_cat_010011,11,afhq_dog_015064
afhq_cat_010011,12,afhq_dog_004591
afhq_cat_010011,13,afhq_dog_003424
afhq_cat_010011,14,afhq_dog_004317
afhq_cat_010011,15,afhq_dog_002015
afhq_cat_013174,1,afhq_dog_003079
afhq_cat_013174,2,afhq_dog_000640
afhq_cat_013174,3,afhq_dog_000026
afhq_cat_013174,4,afhq_dog_000920
afhq_cat_013174,5,afhq_dog_000590
afhq_cat_013174,6,afhq_dog_002015
afhq_cat_013174,7,afhq_dog_000370
afhq_cat_013174,8,afhq_dog_002765
afhq_cat_013174,9,afhq_dog_003085
afhq_cat_013174,10,afhq_dog_003389
afhq_cat_013174,11,afhq_dog_000345
afhq_cat_013174,12,afhq_dog_000477
afhq_cat_013174,13,afhq_dog_000967
afhq_cat_013174,14,afhq_dog_000044
afhq_cat_013174,15,afhq_dog_002391
afhq_cat_012844,1,afhq_dog_002692
afhq_cat_012844,2,afhq_dog_003636
afhq_cat_012844,3,afhq_dog_002000
afhq_cat_012844,4,afhq_dog_004123
afhq_cat_012844,5,afhq_dog_000370
afhq_cat_012844,6,afhq_dog_000845
afhq_cat_012844,7,afhq_dog_001762
afhq_cat_012844,8,afhq_dog_000182
afhq_cat_012844,9,afhq_dog_004591
afhq_cat_012844,10,afhq_dog_000358
afhq_cat_012844,11,afhq_dog_003389
afhq_cat_012844,12,afhq_dog_002105
afhq_cat_012844,13,afhq_dog_014933
afhq_cat_012844,14,afhq_dog_014843
afhq_cat_012844,15,afhq_dog_000883
afhq_cat_012235,1,afhq_dog_001878
afhq_cat_012235,2,afhq_dog_014910
afhq_cat_012235,3,afhq_dog_003009
afhq_cat_012235,4,afhq_dog_002356
afhq_cat_012235,5,afhq_dog_014921
afhq_cat_012235,6,afhq_dog_001283
afhq_cat_012235,7,afhq_dog_003188
afhq_cat_012235,8,afhq_dog_014688
afhq_cat_012235,9,afhq_dog_014778
afhq_cat_012235,10,afhq_dog_000733
afhq_cat_012235,11,afhq_dog_001197
afhq_cat_012235,12,afhq_dog_000706
afhq_cat_012235,13,afhq_dog_000231
afhq_cat_012235,14,afhq_dog_000119
afhq_cat_012235,15,afhq_dog_002365
afhq_cat_012645,1,afhq_dog_000044
afhq_cat_012645,2,afhq_dog_004345
afhq_cat_012645,3,afhq_dog_004300
afhq_cat_012645,4,afhq_dog_001802
afhq_cat_012645,5,afhq_dog_015064
afhq_cat_012645,6,afhq_dog_001308
afhq_cat_012645,7,afhq_dog_003975
afhq_cat_012645,8,afhq_dog_003556
afhq_cat_012645,9,afhq_dog_002321
afhq_cat_012645,10,afhq_dog_014908
afhq_cat_012645,11,afhq_dog_002459
afhq_cat_012645,12,afhq_dog_004494
afhq_cat_012645,13,afhq_dog_004195
afhq_cat_012645,14,afhq_dog_003250
afhq_cat_012645,15,afhq_dog_002046
afhq_cat_013090,1,afhq_dog_002045
afhq_cat_013090,2,afhq_dog_000148
afhq_cat_013090,3,afhq_dog_000845
afhq_cat_013090,4,afhq_dog_001461
afhq_cat_013090,5,afhq_dog_015119
afhq_cat_013090,6,afhq_dog_000130
afhq_cat_013090,7,afhq_dog_000162
afhq_cat_013090,8,afhq_dog_002356
afhq_cat_013090,9,afhq_dog_000570
afhq_cat_013090,10,afhq_dog_003454
afhq_cat_013090,11,afhq_dog_003796
afhq_cat_013090,12,afhq_dog_001629
afhq_cat_013090,13,afhq_dog_002365
afhq_cat_013090,14,afhq_dog_002692
afhq_cat_013090,15,afhq_dog_004139
afhq_cat_012961,1,afhq_dog_004300
afhq_cat_012961,2,afhq_dog_014908
afhq_cat_012961,3,afhq_dog_002968
afhq_cat_012961,4,afhq_dog_000845
afhq_cat_012961,5,afhq_dog_002745
afhq_cat_012961,6,afhq_dog_000007
afhq_cat_012961,7,afhq_dog_000277
afhq_cat_012961,8,afhq_dog_000590
afhq_cat_012961,9,afhq_dog_000972
afhq_cat_012961,10,afhq_dog_003289
afhq_cat_012961,11,afhq_dog_000370
afhq_cat_012961,12,afhq_dog_002356
afhq_cat_012961,13,afhq_dog_000087
afhq_cat_012961,14,afhq_dog_015064
afhq_cat_012961,15,afhq_dog_004494
afhq_cat_016052,1,afhq_dog_000659
afhq_cat_016052,2,afhq_dog_004123
afhq_cat_016052,3,afhq_dog_003985
afhq_cat_016052,4,afhq_dog_004203
afhq_cat_016052,5,afhq_dog_000542
afhq_cat_016052,6,afhq_dog_000540
afhq_cat_016052,7,afhq_dog_000547
afhq_cat_016052,8,afhq_dog_000356
afhq_cat_016052,9,afhq_dog_014688
afhq_cat_016052,10,afhq_dog_002015
afhq_cat_016052,11,afhq_dog_002459
afhq_cat_016052,12,afhq_dog_004082
afhq_cat_016052,13,afhq_dog_014910
afhq_cat_016052,14,afhq_dog_004188
afhq_cat_016052,15,afhq_dog_000845
afhq_cat_010376,1,afhq_dog_000356
afhq_cat_010376,2,afhq_dog_004472
afhq_cat_010376,3,afhq_dog_004530
afhq_cat_010376,4,afhq_dog_000137
afhq_cat_010376,5,afhq_dog_003657
afhq_cat_010376,6,afhq_dog_004123
afhq_cat_010376,7,afhq_dog_002692
afhq_cat_010376,8,afhq_dog_015010
afhq_cat_010376,9,afhq_dog_004474
afhq_cat_010376,10,afhq_dog_002304
afhq_cat_010376,11,afhq_dog_001851
afhq_cat_010376,12,afhq_dog_000547
afhq_cat_010376,13,afhq_dog_002893
afhq_cat_010376,14,afhq_dog_004199
afhq_cat_010376,15,afhq_dog_001071
afhq_cat_014321,1,afhq_dog_004123
afhq_cat_014321,2,afhq_dog_001277
afhq_cat_014321,3,afhq_dog_002901
afhq_cat_014321,4,afhq_dog_004607
afhq_cat_014321,5,afhq_dog_003890
afhq_cat_014321,6,afhq_dog_004188
afhq_cat_014321,7,afhq_dog_002391
afhq_cat_014321,8,afhq_dog_000659
afhq_cat_014321,9,afhq_dog_004721
afhq_cat_014321,10,afhq_dog_004530
afhq_cat_014321,11,afhq_dog_000370
afhq_cat_014321,12,afhq_dog_002365
afhq_cat_014321,13,afhq_dog_002827
afhq_cat_014321,14,afhq_dog_001071
afhq_cat_014321,15,afhq_dog_000547
afhq_cat_016126,1,afhq_dog_003079
afhq_cat_016126,2,afhq_dog_000087
afhq_cat_016126,3,afhq_dog_001893
afhq_cat_016126,4,afhq_dog_002898
afhq_cat_016126,5,afhq_dog_000026
afhq_cat_016126,6,afhq_dog_002015
afhq_cat_016126,7,afhq_dog_000007
afhq_cat_016126,8,afhq_dog_001952
afhq_cat_016126,9,afhq_dog_004619
afhq_cat_016126,10,afhq_dog_000640
afhq_cat_016126,11,afhq_dog_002692
afhq_cat_016126,12,afhq_dog_000773
afhq_cat_016126,13,afhq_dog_000920
afhq_cat_016126,14,afhq_dog_004217
afhq_cat_016126,15,afhq_dog_002356
afhq_cat_014410,1,afhq_dog_003901
afhq_cat_014410,2,afhq_dog_002827
afhq_cat_014410,3,afhq_dog_002481
afhq_cat_014410,4,afhq_dog_002372
afhq_cat_014410,5,afhq_dog_002517
afhq_cat_014410,6,afhq_dog_000822
afhq_cat_014410,7,afhq_dog_003644
afhq_cat_014410,8,afhq_dog_002449
afhq_cat_014410,9,afhq_dog_003553
afhq_cat_014410,10,afhq_dog_004026
afhq_cat_014410,11,afhq_dog_000659
afhq_cat_014410,12,afhq_dog_000547
afhq_cat_014410,13,afhq_dog_000540
afhq_cat_014410,14,afhq_dog_004474
afhq_cat_014410,15,afhq_dog_002356
afhq_cat_015876,1,afhq_dog_002973
afhq_cat_015876,2,afhq_dog_000129
afhq_cat_015876,3,afhq_dog_002447
afhq_cat_015876,4,afhq_dog_003628
afhq_cat_015876,5,afhq_dog_002889
afhq_cat_015876,6,afhq_dog_002644
afhq_cat_015876,7,afhq_dog_000182
afhq_cat_015876,8,afhq_dog_000570
afhq_cat_015876,9,afhq_dog_002040
afhq_cat_015876,10,afhq_dog_000883
afhq_cat_015876,11,afhq_dog_014908
afhq_cat_015876,12,afhq_dog_000326
afhq_cat_015876,13,afhq_dog_000148
afhq_cat_015876,14,afhq_dog_000463
afhq_cat_015876,15,afhq_dog_004082
afhq_cat_012133,1,afhq_dog_003830
afhq_cat_012133,2,afhq_dog_000883
afhq_cat_012133,3,afhq_dog_000965
afhq_cat_012133,4,afhq_dog_004721
afhq_cat_012133,5,afhq_dog_002391
afhq_cat_012133,6,afhq_dog_004542
afhq_cat_012133,7,afhq_dog_003564
afhq_cat_012133,8,afhq_dog_002125
afhq_cat_012133,9,afhq_dog_002889
afhq_cat_012133,10,afhq_dog_004530
afhq_cat_012133,11,afhq_dog_004607
afhq_cat_012133,12,afhq_dog_000445
afhq_cat_012133,13,afhq_dog_003890
afhq_cat_012133,14,afhq_dog_002294
afhq_cat_012133,15,afhq_dog_000119
afhq_cat_013784,1,afhq_dog_004317
afhq_cat_013784,2,afhq_dog_000883
afhq_cat_013784,3,afhq_dog_001809
afhq_cat_013784,4,afhq_dog_014903
afhq_cat_013784,5,afhq_dog_004300
afhq_cat_013784,6,afhq_dog_014908
afhq_cat_013784,7,afhq_dog_002745
afhq_cat_013784,8,afhq_dog_002391
afhq_cat_013784,9,afhq_dog_002968
afhq_cat_013784,10,afhq_dog_004607
afhq_cat_013784,11,afhq_dog_003890
afhq_cat_013784,12,afhq_dog_002732
afhq_cat_013784,13,afhq_dog_002365
afhq_cat_013784,14,afhq_dog_002294
afhq_cat_013784,15,afhq_dog_004494
afhq_cat_011356,1,afhq_dog_002820
afhq_cat_011356,2,afhq_dog_003796
afhq_cat_011356,3,afhq_dog_003709
afhq_cat_011356,4,afhq_dog_014741
afhq_cat_011356,5,afhq_dog_003085
afhq_cat_011356,6,afhq_dog_003628
afhq_cat_011356,7,afhq_dog_003722
afhq_cat_011356,8,afhq_dog_003644
afhq_cat_011356,9,afhq_dog_004317
afhq_cat_011356,10,afhq_dog_000967
afhq_cat_011356,11,afhq_dog_003707
afhq_cat_011356,12,afhq_dog_003924
afhq_cat_011356,13,afhq_dog_002391
afhq_cat_011356,14,afhq_dog_003289
afhq_cat_011356,15,afhq_dog_004607
afhq_cat_014596,1,afhq_dog_002973
afhq_cat_014596,2,afhq_dog_002889
afhq_cat_014596,3,afhq_dog_004082
afhq_cat_014596,4,afhq_dog_003830
afhq_cat_014596,5,afhq_dog_015064
afhq_cat_014596,6,afhq_dog_014908
afhq_cat_014596,7,afhq_dog_000883
afhq_cat_014596,8,afhq_dog_000590
afhq_cat_014596,9,afhq_dog_003985
afhq_cat_014596,10,afhq_dog_000390
afhq_cat_014596,11,afhq_dog_002591
afhq_cat_014596,12,afhq_dog_002363
afhq_cat_014596,13,afhq_dog_001851
afhq_cat_014596,14,afhq_dog_014910
afhq_cat_014596,15,afhq_dog_000845
afhq_cat_009607,1,afhq_dog_000773
afhq_cat_009607,2,afhq_dog_003825
afhq_cat_009607,3,afhq_dog_014676
afhq_cat_009607,4,afhq_dog_014741
afhq_cat_009607,5,afhq_dog_001334
afhq_cat_009607,6,afhq_dog_014903
afhq_cat_009607,7,afhq_dog_003188
afhq_cat_009607,8,afhq_dog_004300
afhq_cat_009607,9,afhq_dog_001283
afhq_cat_009607,10,afhq_dog_014778
afhq_cat_009607,11,afhq_dog_001240
afhq_cat_009607,12,afhq_dog_002340
afhq_cat_009607,13,afhq_dog_000570
afhq_cat_009607,14,afhq_dog_002456
afhq_cat_009607,15,afhq_dog_002566
afhq_cat_012003,1,afhq_dog_000119
afhq_cat_012003,2,afhq_dog_002304
afhq_cat_012003,3,afhq_dog_002889
afhq_cat_012003,4,afhq_dog_000547
afhq_cat_012003,5,afhq_dog_000640
afhq_cat_012003,6,afhq_dog_002745
afhq_cat_012003,7,afhq_dog_002125
afhq_cat_012003,8,afhq_dog_002378
afhq_cat_012003,9,afhq_dog_000367
afhq_cat_012003,10,afhq_dog_000810
afhq_cat_012003,11,afhq_dog_002392
afhq_cat_012003,12,afhq_dog_002809
afhq_cat_012003,13,afhq_dog_001277
afhq_cat_012003,14,afhq_dog_002517
afhq_cat_012003,15,afhq_dog_000733
afhq_cat_014131,1,afhq_dog_001921
afhq_cat_014131,2,afhq_dog_001762
afhq_cat_014131,3,afhq_dog_004317
afhq_cat_014131,4,afhq_dog_014741
afhq_cat_014131,5,afhq_dog_014749
afhq_cat_014131,6,afhq_dog_002806
afhq_cat_014131,7,afhq_dog_000773
afhq_cat_014131,8,afhq_dog_002045
afhq_cat_014131,9,afhq_dog_000445
afhq_cat_014131,10,afhq_dog_014676
afhq_cat_014131,11,afhq_dog_000162
afhq_cat_014131,12,afhq_dog_003967
afhq_cat_014131,13,afhq_dog_000733
afhq_cat_014131,14,afhq_dog_001240
afhq_cat_014131,15,afhq_dog_002898
afhq_cat_012112,1,afhq_dog_004296
afhq_cat_012112,2,afhq_dog_002439
afhq_cat_012112,3,afhq_dog_002801
afhq_cat_012112,4,afhq_dog_002820
afhq_cat_012112,5,afhq_dog_003796
afhq_cat_012112,6,afhq_dog_004317
afhq_cat_012112,7,afhq_dog_014741
afhq_cat_012112,8,afhq_dog_003085
afhq_cat_012112,9,afhq_dog_004398
afhq_cat_012112,10,afhq_dog_004512
afhq_cat_012112,11,afhq_dog_003722
afhq_cat_012112,12,afhq_dog_000109
afhq_cat_012112,13,afhq_dog_000845
afhq_cat_012112,14,afhq_dog_001334
afhq_cat_012112,15,afhq_dog_000079
afhq_cat_010983,1,afhq_dog_001342
afhq_cat_010983,2,afhq_dog_000828
afhq_cat_010983,3,afhq_dog_002040
afhq_cat_010983,4,afhq_dog_003454
afhq_cat_010983,5,afhq_dog_000773
afhq_cat_010983,6,afhq_dog_002178
afhq_cat_010983,7,afhq_dog_014950
afhq_cat_010983,8,afhq_dog_003244
afhq_cat_010983,9,afhq_dog_001629
afhq_cat_010983,10,afhq_dog_004345
afhq_cat_010983,11,afhq_dog_000706
afhq_cat_010983,12,afhq_dog_014774
afhq_cat_010983,13,afhq_dog_001283
afhq_cat_010983,14,afhq_dog_000130
afhq_cat_010983,15,afhq_dog_004300
afhq_cat_012639,1,afhq_dog_002391
afhq_cat_012639,2,afhq_dog_000370
afhq_cat_012639,3,afhq_dog_002392
afhq_cat_012639,4,afhq_dog_002809
afhq_cat_012639,5,afhq_dog_004607
afhq_cat_012639,6,afhq_dog_003890
afhq_cat_012639,7,afhq_dog_000087
afhq_cat_012639,8,afhq_dog_002517
afhq_cat_012639,9,afhq_dog_003009
afhq_cat_012639,10,afhq_dog_003707
afhq_cat_012639,11,afhq_dog_004619
afhq_cat_012639,12,afhq_dog_004103
afhq_cat_012639,13,afhq_dog_001850
afhq_cat_012639,14,afhq_dog_000540
afhq_cat_012639,15,afhq_dog_004721
afhq_cat_010130,1,afhq_dog_004721
afhq_cat_010130,2,afhq_dog_001701
afhq_cat_010130,3,afhq_dog_003553
afhq_cat_010130,4,afhq_dog_002449
afhq_cat_010130,5,afhq_dog_004026
afhq_cat_010130,6,afhq_dog_000659
afhq_cat_010130,7,afhq_dog_000822
afhq_cat_010130,8,afhq_dog_004530
afhq_cat_010130,9,afhq_dog_000810
afhq_cat_010130,10,afhq_dog_002365
afhq_cat_010130,11,afhq_dog_002827
afhq_cat_010130,12,afhq_dog_001071
afhq_cat_010130,13,afhq_dog_002105
afhq_cat_010130,14,afhq_dog_000029
afhq_cat_010130,15,afhq_dog_002481
afhq_cat_010771,1,afhq_dog_002291
afhq_cat_010771,2,afhq_dog_004199
afhq_cat_010771,3,afhq_dog_000463
afhq_cat_010771,4,afhq_dog_004317
afhq_cat_010771,5,afhq_dog_004619
afhq_cat_010771,6,afhq_dog_002613
afhq_cat_010771,7,afhq_dog_003552
afhq_cat_010771,8,afhq_dog_000087
afhq_cat_010771,9,afhq_dog_003825
afhq_cat_010771,10,afhq_dog_002898
afhq_cat_010771,11,afhq_dog_000845
afhq_cat_010771,12,afhq_dog_014645
afhq_cat_010771,13,afhq_dog_000706
afhq_cat_010771,14,afhq_dog_000358
afhq_cat_010771,15,afhq_dog_002439
afhq_cat_015813,1,afhq_dog_004474
afhq_cat_015813,2,afhq_dog_004082
afhq_cat_015813,3,afhq_dog_000820
afhq_cat_015813,4,afhq_dog_004195
afhq_cat_015813,5,afhq_dog_003002
afhq_cat_015813,6,afhq_dog_002566
afhq_cat_015813,7,afhq_dog_004026
afhq_cat_015813,8,afhq_dog_002827
afhq_cat_015813,9,afhq_dog_004391
afhq_cat_015813,10,afhq_dog_014881
afhq_cat_015813,11,afhq_dog_004217
afhq_cat_015813,12,afhq_dog_003985
afhq_cat_015813,13,afhq_dog_002015
afhq_cat_015813,14,afhq_dog_003901
afhq_cat_015813,15,afhq_dog_014910
afhq_cat_010686,1,afhq_dog_014741
afhq_cat_010686,2,afhq_dog_000920
afhq_cat_010686,3,afhq_dog_003628
afhq_cat_010686,4,afhq_dog_001893
afhq_cat_010686,5,afhq_dog_001049
afhq_cat_010686,6,afhq_dog_004395
afhq_cat_010686,7,afhq_dog_000477
afhq_cat_010686,8,afhq_dog_003825
afhq_cat_010686,9,afhq_dog_014676
afhq_cat_010686,10,afhq_dog_000570
afhq_cat_010686,11,afhq_dog_002898
afhq_cat_010686,12,afhq_dog_003622
afhq_cat_010686,13,afhq_dog_014950
afhq_cat_010686,14,afhq_dog_014685
afhq_cat_010686,15,afhq_dog_002456
afhq_cat_011218,1,afhq_dog_000640
afhq_cat_011218,2,afhq_dog_000119
afhq_cat_011218,3,afhq_dog_002304
afhq_cat_011218,4,afhq_dog_002889
afhq_cat_011218,5,afhq_dog_003531
afhq_cat_011218,6,afhq_dog_003389
afhq_cat_011218,7,afhq_dog_000547
afhq_cat_011218,8,afhq_dog_002125
afhq_cat_011218,9,afhq_dog_002356
afhq_cat_011218,10,afhq_dog_014910
afhq_cat_011218,11,afhq_dog_000810
afhq_cat_011218,12,afhq_dog_003454
afhq_cat_011218,13,afhq_dog_000733
afhq_cat_011218,14,afhq_dog_000026
afhq_cat_011218,15,afhq_dog_014908
afhq_cat_015964,1,afhq_dog_003644
afhq_cat_015964,2,afhq_dog_003935
afhq_cat_015964,3,afhq_dog_002439
afhq_cat_015964,4,afhq_dog_000688
afhq_cat_015964,5,afhq_dog_001809
afhq_cat_015964,6,afhq_dog_002356
afhq_cat_015964,7,afhq_dog_004391
afhq_cat_015964,8,afhq_dog_014908
afhq_cat_015964,9,afhq_dog_003556
afhq_cat_015964,10,afhq_dog_003924
afhq_cat_015964,11,afhq_dog_003657
afhq_cat_015964,12,afhq_dog_014910
afhq_cat_015964,13,afhq_dog_003002
afhq_cat_015964,14,afhq_dog_003901
afhq_cat_015964,15,afhq_dog_003188
afhq_cat_013967,1,afhq_dog_000972
afhq_cat_013967,2,afhq_dog_002765
afhq_cat_013967,3,afhq_dog_003002
afhq_cat_013967,4,afhq_dog_003830
afhq_cat_013967,5,afhq_dog_000390
afhq_cat_013967,6,afhq_dog_003531
afhq_cat_013967,7,afhq_dog_002827
afhq_cat_013967,8,afhq_dog_004103
afhq_cat_013967,9,afhq_dog_002294
afhq_cat_013967,10,afhq_dog_002732
afhq_cat_013967,11,afhq_dog_000547
afhq_cat_013967,12,afhq_dog_001781
afhq_cat_013967,13,afhq_dog_003849
afhq_cat_013967,14,afhq_dog_003636
afhq_cat_013967,15,afhq_dog_002000
afhq_cat_012307,1,afhq_dog_002439
afhq_cat_012307,2,afhq_dog_002566
afhq_cat_012307,3,afhq_dog_004398
afhq_cat_012307,4,afhq_dog_000590
afhq_cat_012307,5,afhq_dog_000114
afhq_cat_012307,6,afhq_dog_000845
afhq_cat_012307,7,afhq_dog_002040
afhq_cat_012307,8,afhq_dog_002820
afhq_cat_012307,9,afhq_dog_004512
afhq_cat_012307,10,afhq_dog_000909
afhq_cat_012307,11,afhq_dog_003722
afhq_cat_012307,12,afhq_dog_000920
afhq_cat_012307,13,afhq_dog_003644
afhq_cat_012307,14,afhq_dog_014908
afhq_cat_012307,15,afhq_dog_000119
afhq_cat_013344,1,afhq_dog_001701
afhq_cat_013344,2,afhq_dog_000820
afhq_cat_013344,3,afhq_dog_003085
afhq_cat_013344,4,afhq_dog_002105
afhq_cat_013344,5,afhq_dog_003849
afhq_cat_013344,6,afhq_dog_002945
afhq_cat_013344,7,afhq_dog_014950
afhq_cat_013344,8,afhq_dog_014881
afhq_cat_013344,9,afhq_dog_004159
afhq_cat_013344,10,afhq_dog_001071
afhq_cat_013344,11,afhq_dog_002820
afhq_cat_013344,12,afhq_dog_002560
afhq_cat_013344,13,afhq_dog_004619
afhq_cat_013344,14,afhq_dog_004542
afhq_cat_013344,15,afhq_dog_002745
afhq_cat_012834,1,afhq_dog_002801
afhq_cat_012834,2,afhq_dog_004082
afhq_cat_012834,3,afhq_dog_000182
afhq_cat_012834,4,afhq_dog_002613
afhq_cat_012834,5,afhq_dog_003628
afhq_cat_012834,6,afhq_dog_002841
afhq_cat_012834,7,afhq_dog_000277
afhq_cat_012834,8,afhq_dog_000590
afhq_cat_012834,9,afhq_dog_000570
afhq_cat_012834,10,afhq_dog_002566
afhq_cat_012834,11,afhq_dog_000920
afhq_cat_012834,12,afhq_dog_001240
afhq_cat_012834,13,afhq_dog_000162
afhq_cat_012834,14,afhq_dog_004512
afhq_cat_012834,15,afhq_dog_003289
afhq_cat_010216,1,afhq_dog_000363
afhq_cat_010216,2,afhq_dog_004317
afhq_cat_010216,3,afhq_dog_001809
afhq_cat_010216,4,afhq_dog_014903
afhq_cat_010216,5,afhq_dog_003424
afhq_cat_010216,6,afhq_dog_003382
afhq_cat_010216,7,afhq_dog_003636
afhq_cat_010216,8,afhq_dog_000909
afhq_cat_010216,9,afhq_dog_002591
afhq_cat_010216,10,afhq_dog_004199
afhq_cat_010216,11,afhq_dog_002732
afhq_cat_010216,12,afhq_dog_002363
afhq_cat_010216,13,afhq_dog_002692
afhq_cat_010216,14,afhq_dog_004195
afhq_cat_010216,15,afhq_dog_015041
afhq_cat_010109,1,afhq_dog_015075
afhq_cat_010109,2,afhq_dog_003356
afhq_cat_010109,3,afhq_dog_004139
afhq_cat_010109,4,afhq_dog_004082
afhq_cat_010109,5,afhq_dog_002130
afhq_cat_010109,6,afhq_dog_000640
afhq_cat_010109,7,afhq_dog_002732
afhq_cat_010109,8,afhq_dog_003424
afhq_cat_010109,9,afhq_dog_004317
afhq_cat_010109,10,afhq_dog_014685
afhq_cat_010109,11,afhq_dog_000828
afhq_cat_010109,12,afhq_dog_001544
afhq_cat_010109,13,afhq_dog_002566
afhq_cat_010109,14,afhq_dog_004117
afhq_cat_010109,15,afhq_dog_002294
afhq_cat_012990,1,afhq_dog_004721
afhq_cat_012990,2,afhq_dog_000029
afhq_cat_012990,3,afhq_dog_001605
afhq_cat_012990,4,afhq_dog_002363
afhq_cat_012990,5,afhq_dog_002481
afhq_cat_012990,6,afhq_dog_002968
afhq_cat_012990,7,afhq_dog_014840
afhq_cat_012990,8,afhq_dog_015010
afhq_cat_012990,9,afhq_dog_004474
afhq_cat_012990,10,afhq_dog_002304
afhq_cat_012990,11,afhq_dog_014774
afhq_cat_012990,12,afhq_dog_002765
afhq_cat_012990,13,afhq_dog_000845
afhq_cat_012990,14,afhq_dog_003250
afhq_cat_012990,15,afhq_dog_000345
afhq_cat_014383,1,afhq_dog_004345
afhq_cat_014383,2,afhq_dog_000967
afhq_cat_014383,3,afhq_dog_003707
afhq_cat_014383,4,afhq_dog_003188
afhq_cat_014383,5,afhq_dog_004681
afhq_cat_014383,6,afhq_dog_003849
afhq_cat_014383,7,afhq_dog_003335
afhq_cat_014383,8,afhq_dog_004494
afhq_cat_014383,9,afhq_dog_004159
afhq_cat_014383,10,afhq_dog_014881
afhq_cat_014383,11,afhq_dog_001310
afhq_cat_014383,12,afhq_dog_004619
afhq_cat_014383,13,afhq_dog_001071
afhq_cat_014383,14,afhq_dog_004591
afhq_cat_014383,15,afhq_dog_003382
afhq_cat_009721,1,afhq_dog_000356
afhq_cat_009721,2,afhq_dog_003657
afhq_cat_009721,3,afhq_dog_004203
afhq_cat_009721,4,afhq_dog_001071
afhq_cat_009721,5,afhq_dog_001878
afhq_cat_009721,6,afhq_dog_002000
afhq_cat_009721,7,afhq_dog_002015
afhq_cat_009721,8,afhq_dog_000119
afhq_cat_009721,9,afhq_dog_000345
afhq_cat_009721,10,afhq_dog_000026
afhq_cat_009721,11,afhq_dog_000477
afhq_cat_009721,12,afhq_dog_000640
afhq_cat_009721,13,afhq_dog_002827
afhq_cat_009721,14,afhq_dog_000810
afhq_cat_009721,15,afhq_dog_000007
afhq_cat_013624,1,afhq_dog_002439
afhq_cat_013624,2,afhq_dog_003795
afhq_cat_013624,3,afhq_dog_001629
afhq_cat_013624,4,afhq_dog_003849
afhq_cat_013624,5,afhq_dog_001461
afhq_cat_013624,6,afhq_dog_000044
afhq_cat_013624,7,afhq_dog_004398
afhq_cat_013624,8,afhq_dog_002692
afhq_cat_013624,9,afhq_dog_000845
afhq_cat_013624,10,afhq_dog_002040
afhq_cat_013624,11,afhq_dog_003924
afhq_cat_013624,12,afhq_dog_002820
afhq_cat_013624,13,afhq_dog_004591
afhq_cat_013624,14,afhq_dog_003628
afhq_cat_013624,15,afhq_dog_003722
afhq_cat_013789,1,afhq_dog_002456
afhq_cat_013789,2,afhq_dog_004139
afhq_cat_013789,3,afhq_dog_003356
afhq_cat_013789,4,afhq_dog_002820
afhq_cat_013789,5,afhq_dog_003796
afhq_cat_013789,6,afhq_dog_014741
afhq_cat_013789,7,afhq_dog_003895
afhq_cat_013789,8,afhq_dog_000640
afhq_cat_013789,9,afhq_dog_003085
afhq_cat_013789,10,afhq_dog_004619
afhq_cat_013789,11,afhq_dog_014685
afhq_cat_013789,12,afhq_dog_002566
afhq_cat_013789,13,afhq_dog_003289
afhq_cat_013789,14,afhq_dog_004159
afhq_cat_013789,15,afhq_dog_002178
afhq_cat_010501,1,afhq_dog_001334
afhq_cat_010501,2,afhq_dog_004391
afhq_cat_010501,3,afhq_dog_002765
afhq_cat_010501,4,afhq_dog_001071
afhq_cat_010501,5,afhq_dog_002481
afhq_cat_010501,6,afhq_dog_002372
afhq_cat_010501,7,afhq_dog_004317
afhq_cat_010501,8,afhq_dog_000540
afhq_cat_010501,9,afhq_dog_002732
afhq_cat_010501,10,afhq_dog_003188
afhq_cat_010501,11,afhq_dog_002809
afhq_cat_010501,12,afhq_dog_002901
afhq_cat_010501,13,afhq_dog_003002
afhq_cat_010501,14,afhq_dog_003100
afhq_cat_010501,15,afhq_dog_002560
afhq_cat_015982,1,afhq_dog_002898
afhq_cat_015982,2,afhq_dog_004203
afhq_cat_015982,3,afhq_dog_004619
afhq_cat_015982,4,afhq_dog_003002
afhq_cat_015982,5,afhq_dog_003356
afhq_cat_015982,6,afhq_dog_003707
afhq_cat_015982,7,afhq_dog_004391
afhq_cat_015982,8,afhq_dog_003009
afhq_cat_015982,9,afhq_dog_002291
afhq_cat_015982,10,afhq_dog_001049
afhq_cat_015982,11,afhq_dog_000162
afhq_cat_015982,12,afhq_dog_003552
afhq_cat_015982,13,afhq_dog_014685
afhq_cat_015982,14,afhq_dog_002945
afhq_cat_015982,15,afhq_dog_004317
afhq_cat_010098,1,afhq_dog_000972
afhq_cat_010098,2,afhq_dog_001277
afhq_cat_010098,3,afhq_dog_004217
afhq_cat_010098,4,afhq_dog_003085
afhq_cat_010098,5,afhq_dog_004317
afhq_cat_010098,6,afhq_dog_000323
afhq_cat_010098,7,afhq_dog_004103
afhq_cat_010098,8,afhq_dog_002820
afhq_cat_010098,9,afhq_dog_004542
afhq_cat_010098,10,afhq_dog_003564
afhq_cat_010098,11,afhq_dog_002125
afhq_cat_010098,12,afhq_dog_000463
afhq_cat_010098,13,afhq_dog_002889
afhq_cat_010098,14,afhq_dog_003709
afhq_cat_010098,15,afhq_dog_004591
afhq_cat_012260,1,afhq_dog_014749
afhq_cat_012260,2,afhq_dog_003825
afhq_cat_012260,3,afhq_dog_002040
afhq_cat_012260,4,afhq_dog_004195
afhq_cat_012260,5,afhq_dog_000336
afhq_cat_012260,6,afhq_dog_000845
afhq_cat_012260,7,afhq_dog_003924
afhq_cat_012260,8,afhq_dog_002015
afhq_cat_012260,9,afhq_dog_004199
afhq_cat_012260,10,afhq_dog_002517
afhq_cat_012260,11,afhq_dog_004250
afhq_cat_012260,12,afhq_dog_003849
afhq_cat_012260,13,afhq_dog_003967
afhq_cat_012260,14,afhq_dog_000463
afhq_cat_012260,15,afhq_dog_003552
afhq_cat_013294,1,afhq_dog_004721
afhq_cat_013294,2,afhq_dog_000822
afhq_cat_013294,3,afhq_dog_001463
afhq_cat_013294,4,afhq_dog_000007
afhq_cat_013294,5,afhq_dog_003589
afhq_cat_013294,6,afhq_dog_014921
afhq_cat_013294,7,afhq_dog_000659
afhq_cat_013294,8,afhq_dog_000029
afhq_cat_013294,9,afhq_dog_004607
afhq_cat_013294,10,afhq_dog_002765
afhq_cat_013294,11,afhq_dog_001240
afhq_cat_013294,12,afhq_dog_004026
afhq_cat_013294,13,afhq_dog_001851
afhq_cat_013294,14,afhq_dog_003553
afhq_cat_013294,15,afhq_dog_002945
afhq_cat_010041,1,afhq_dog_004345
afhq_cat_010041,2,afhq_dog_002827
afhq_cat_010041,3,afhq_dog_002356
afhq_cat_010041,4,afhq_dog_003188
afhq_cat_010041,5,afhq_dog_000367
afhq_cat_010041,6,afhq_dog_002040
afhq_cat_010041,7,afhq_dog_000640
afhq_cat_010041,8,afhq_dog_002046
afhq_cat_010041,9,afhq_dog_003335
afhq_cat_010041,10,afhq_dog_003709
afhq_cat_010041,11,afhq_dog_003707
afhq_cat_010041,12,afhq_dog_003849
afhq_cat_010041,13,afhq_dog_000363
afhq_cat_010041,14,afhq_dog_001277
afhq_cat_010041,15,afhq_dog_001071
afhq_cat_014395,1,afhq_dog_003531
afhq_cat_014395,2,afhq_dog_002968
afhq_cat_014395,3,afhq_dog_003825
afhq_cat_014395,4,afhq_dog_014774
afhq_cat_014395,5,afhq_dog_014676
afhq_cat_014395,6,afhq_dog_015010
afhq_cat_014395,7,afhq_dog_004474
afhq_cat_014395,8,afhq_dog_002304
afhq_cat_014395,9,afhq_dog_000972
afhq_cat_014395,10,afhq_dog_000845
afhq_cat_014395,11,afhq_dog_003250
afhq_cat_014395,12,afhq_dog_000590
afhq_cat_014395,13,afhq_dog_014741
afhq_cat_014395,14,afhq_dog_001781
afhq_cat_014395,15,afhq_dog_003830
afhq_cat_011700,1,afhq_dog_002391
afhq_cat_011700,2,afhq_dog_004607
afhq_cat_011700,3,afhq_dog_004721
afhq_cat_011700,4,afhq_dog_003890
afhq_cat_011700,5,afhq_dog_004530
afhq_cat_011700,6,afhq_dog_014950
afhq_cat_011700,7,afhq_dog_002105
afhq_cat_011700,8,afhq_dog_000540
afhq_cat_011700,9,afhq_dog_004123
afhq_cat_011700,10,afhq_dog_002806
afhq_cat_011700,11,afhq_dog_000336
afhq_cat_011700,12,afhq_dog_000590
afhq_cat_011700,13,afhq_dog_000109
afhq_cat_011700,14,afhq_dog_002365
afhq_cat_011700,15,afhq_dog_000820
afhq_cat_011268,1,afhq_dog_004494
afhq_cat_011268,2,afhq_dog_002439
afhq_cat_011268,3,afhq_dog_003002
afhq_cat_011268,4,afhq_dog_004199
afhq_cat_011268,5,afhq_dog_002449
afhq_cat_011268,6,afhq_dog_003901
afhq_cat_011268,7,afhq_dog_004391
afhq_cat_011268,8,afhq_dog_002040
afhq_cat_011268,9,afhq_dog_001809
afhq_cat_011268,10,afhq_dog_004681
afhq_cat_011268,11,afhq_dog_002889
afhq_cat_011268,12,afhq_dog_004082
afhq_cat_011268,13,afhq_dog_001334
afhq_cat_011268,14,afhq_dog_000274
afhq_cat_011268,15,afhq_dog_001878
afhq_cat_010733,1,afhq_dog_004345
afhq_cat_010733,2,afhq_dog_002356
afhq_cat_010733,3,afhq_dog_002046
afhq_cat_010733,4,afhq_dog_002366
afhq_cat_010733,5,afhq_dog_002392
afhq_cat_010733,6,afhq_dog_000363
afhq_cat_010733,7,afhq_dog_000845
afhq_cat_010733,8,afhq_dog_000445
afhq_cat_010733,9,afhq_dog_001605
afhq_cat_010733,10,afhq_dog_002363
afhq_cat_010733,11,afhq_dog_002809
afhq_cat_010733,12,afhq_dog_015064
afhq_cat_010733,13,afhq_dog_002806
afhq_cat_010733,14,afhq_dog_004721
afhq_cat_010733,15,afhq_dog_002365
afhq_cat_013614,1,afhq_dog_003188
afhq_cat_013614,2,afhq_dog_001334
afhq_cat_013614,3,afhq_dog_002291
afhq_cat_013614,4,afhq_dog_003795
afhq_cat_013614,5,afhq_dog_003895
afhq_cat_013614,6,afhq_dog_000323
afhq_cat_013614,7,afhq_dog_014676
afhq_cat_013614,8,afhq_dog_000390
afhq_cat_013614,9,afhq_dog_002321
afhq_cat_013614,10,afhq_dog_004117
afhq_cat_013614,11,afhq_dog_004391
afhq_cat_013614,12,afhq_dog_002459
afhq_cat_013614,13,afhq_dog_015074
afhq_cat_013614,14,afhq_dog_014881
afhq_cat_013614,15,afhq_dog_003975
afhq_cat_009760,1,afhq_dog_004721
afhq_cat_009760,2,afhq_dog_000029
afhq_cat_009760,3,afhq_dog_002481
afhq_cat_009760,4,afhq_dog_003636
afhq_cat_009760,5,afhq_dog_000909
afhq_cat_009760,6,afhq_dog_004542
afhq_cat_009760,7,afhq_dog_003564
afhq_cat_009760,8,afhq_dog_003289
afhq_cat_009760,9,afhq_dog_002125
afhq_cat_009760,10,afhq_dog_004199
afhq_cat_009760,11,afhq_dog_002889
afhq_cat_009760,12,afhq_dog_003454
afhq_cat_009760,13,afhq_dog_001851
afhq_cat_009760,14,afhq_dog_004082
afhq_cat_009760,15,afhq_dog_000274
afhq_cat_010642,1,afhq_dog_014881
afhq_cat_010642,2,afhq_dog_001727
afhq_cat_010642,3,afhq_dog_004317
afhq_cat_010642,4,afhq_dog_003901
afhq_cat_010642,5,afhq_dog_004159
afhq_cat_010642,6,afhq_dog_004345
afhq_cat_010642,7,afhq_dog_004117
afhq_cat_010642,8,afhq_dog_004300
afhq_cat_010642,9,afhq_dog_002827
afhq_cat_010642,10,afhq_dog_003551
afhq_cat_010642,11,afhq_dog_004391
afhq_cat_010642,12,afhq_dog_003188
afhq_cat_010642,13,afhq_dog_001809
afhq_cat_010642,14,afhq_dog_000820
afhq_cat_010642,15,afhq_dog_000659
afhq_cat_011659,1,afhq_dog_004542
afhq_cat_011659,2,afhq_dog_003564
afhq_cat_011659,3,afhq_dog_002125
afhq_cat_011659,4,afhq_dog_002889
afhq_cat_011659,5,afhq_dog_015041
afhq_cat_011659,6,afhq_dog_003424
afhq_cat_011659,7,afhq_dog_000883
afhq_cat_011659,8,afhq_dog_001283
afhq_cat_011659,9,afhq_dog_004591
afhq_cat_011659,10,afhq_dog_000909
afhq_cat_011659,11,afhq_dog_000087
afhq_cat_011659,12,afhq_dog_000547
afhq_cat_011659,13,afhq_dog_002459
afhq_cat_011659,14,afhq_dog_014645
afhq_cat_011659,15,afhq_dog_004082
afhq_cat_014393,1,afhq_dog_002560
afhq_cat_014393,2,afhq_dog_000540
afhq_cat_014393,3,afhq_dog_000972
afhq_cat_014393,4,afhq_dog_001701
afhq_cat_014393,5,afhq_dog_003636
afhq_cat_014393,6,afhq_dog_000909
afhq_cat_014393,7,afhq_dog_004199
afhq_cat_014393,8,afhq_dog_003424
afhq_cat_014393,9,afhq_dog_003002
afhq_cat_014393,10,afhq_dog_000822
afhq_cat_014393,11,afhq_dog_001277
afhq_cat_014393,12,afhq_dog_004082
afhq_cat_014393,13,afhq_dog_003890
afhq_cat_014393,14,afhq_dog_001851
afhq_cat_014393,15,afhq_dog_002591
afhq_cat_013161,1,afhq_dog_000820
afhq_cat_013161,2,afhq_dog_003085
afhq_cat_013161,3,afhq_dog_004474
afhq_cat_013161,4,afhq_dog_002945
afhq_cat_013161,5,afhq_dog_002820
afhq_cat_013161,6,afhq_dog_004026
afhq_cat_013161,7,afhq_dog_002827
afhq_cat_013161,8,afhq_dog_004391
afhq_cat_013161,9,afhq_dog_004217
afhq_cat_013161,10,afhq_dog_003971
afhq_cat_013161,11,afhq_dog_002015
afhq_cat_013161,12,afhq_dog_002560
afhq_cat_013161,13,afhq_dog_002692
afhq_cat_013161,14,afhq_dog_003830
afhq_cat_013161,15,afhq_dog_004103
afhq_cat_010566,1,afhq_dog_003825
afhq_cat_010566,2,afhq_dog_000463
afhq_cat_010566,3,afhq_dog_015064
afhq_cat_010566,4,afhq_dog_001762
afhq_cat_010566,5,afhq_dog_001240
afhq_cat_010566,6,afhq_dog_014685
afhq_cat_010566,7,afhq_dog_003188
afhq_cat_010566,8,afhq_dog_001461
afhq_cat_010566,9,afhq_dog_014676
afhq_cat_010566,10,afhq_dog_001781
afhq_cat_010566,11,afhq_dog_002644
afhq_cat_010566,12,afhq_dog_001629
afhq_cat_010566,13,afhq_dog_001283
afhq_cat_010566,14,afhq_dog_002968
afhq_cat_010566,15,afhq_dog_003795
afhq_cat_009889,1,afhq_dog_004082
afhq_cat_009889,2,afhq_dog_002692
afhq_cat_009889,3,afhq_dog_002459
afhq_cat_009889,4,afhq_dog_004681
afhq_cat_009889,5,afhq_dog_003890
afhq_cat_009889,6,afhq_dog_000026
afhq_cat_009889,7,afhq_dog_000773
afhq_cat_009889,8,afhq_dog_002040
afhq_cat_009889,9,afhq_dog_003454
afhq_cat_009889,10,afhq_dog_000920
afhq_cat_009889,11,afhq_dog_015064
afhq_cat_009889,12,afhq_dog_001283
afhq_cat_009889,13,afhq_dog_002745
afhq_cat_009889,14,afhq_dog_004512
afhq_cat_009889,15,afhq_dog_002125
afhq_cat_010067,1,afhq_dog_003356
afhq_cat_010067,2,afhq_dog_002566
afhq_cat_010067,3,afhq_dog_014950
afhq_cat_010067,4,afhq_dog_000773
afhq_cat_010067,5,afhq_dog_002105
afhq_cat_010067,6,afhq_dog_002732
afhq_cat_010067,7,afhq_dog_002806
afhq_cat_010067,8,afhq_dog_000336
afhq_cat_010067,9,afhq_dog_004317
afhq_cat_010067,10,afhq_dog_000109
afhq_cat_010067,11,afhq_dog_002481
afhq_cat_010067,12,afhq_dog_002372
afhq_cat_010067,13,afhq_dog_000087
afhq_cat_010067,14,afhq_dog_003644
afhq_cat_010067,15,afhq_dog_002613
afhq_cat_011086,1,afhq_dog_002356
afhq_cat_011086,2,afhq_dog_015010
afhq_cat_011086,3,afhq_dog_004474
afhq_cat_011086,4,afhq_dog_002304
afhq_cat_011086,5,afhq_dog_015064
afhq_cat_011086,6,afhq_dog_000845
afhq_cat_011086,7,afhq_dog_003250
afhq_cat_011086,8,afhq_dog_004199
afhq_cat_011086,9,afhq_dog_004250
afhq_cat_011086,10,afhq_dog_001283
afhq_cat_011086,11,afhq_dog_002372
afhq_cat_011086,12,afhq_dog_003971
afhq_cat_011086,13,afhq_dog_002363
afhq_cat_011086,14,afhq_dog_003552
afhq_cat_011086,15,afhq_dog_002015
afhq_cat_011501,1,afhq_dog_002820
afhq_cat_011501,2,afhq_dog_003796
afhq_cat_011501,3,afhq_dog_014741
afhq_cat_011501,4,afhq_dog_003085
afhq_cat_011501,5,afhq_dog_003508
afhq_cat_011501,6,afhq_dog_002613
afhq_cat_011501,7,afhq_dog_015118
afhq_cat_011501,8,afhq_dog_000182
afhq_cat_011501,9,afhq_dog_015041
afhq_cat_011501,10,afhq_dog_002447
afhq_cat_011501,11,afhq_dog_002356
afhq_cat_011501,12,afhq_dog_001310
afhq_cat_011501,13,afhq_dog_002898
afhq_cat_011501,14,afhq_dog_004195
afhq_cat_011501,15,afhq_dog_004345
afhq_cat_010489,1,afhq_dog_001283
afhq_cat_010489,2,afhq_dog_014908
afhq_cat_010489,3,afhq_dog_003795
afhq_cat_010489,4,afhq_dog_004217
afhq_cat_010489,5,afhq_dog_014910
afhq_cat_010489,6,afhq_dog_000326
afhq_cat_010489,7,afhq_dog_001629
afhq_cat_010489,8,afhq_dog_003830
afhq_cat_010489,9,afhq_dog_000570
afhq_cat_010489,10,afhq_dog_002291
afhq_cat_010489,11,afhq_dog_004082
afhq_cat_010489,12,afhq_dog_002439
afhq_cat_010489,13,afhq_dog_003628
afhq_cat_010489,14,afhq_dog_002366
afhq_cat_010489,15,afhq_dog_014676
afhq_cat_010167,1,afhq_dog_003722
afhq_cat_010167,2,afhq_dog_004591
afhq_cat_010167,3,afhq_dog_004217
afhq_cat_010167,4,afhq_dog_003628
afhq_cat_010167,5,afhq_dog_004082
afhq_cat_010167,6,afhq_dog_000114
afhq_cat_010167,7,afhq_dog_002732
afhq_cat_010167,8,afhq_dog_002459
afhq_cat_010167,9,afhq_dog_003589
afhq_cat_010167,10,afhq_dog_000323
afhq_cat_010167,11,afhq_dog_000965
afhq_cat_010167,12,afhq_dog_014881
afhq_cat_010167,13,afhq_dog_000109
afhq_cat_010167,14,afhq_dog_000967
afhq_cat_010167,15,afhq_dog_003707
afhq_cat_011467,1,afhq_dog_004721
afhq_cat_011467,2,afhq_dog_000029
afhq_cat_011467,3,afhq_dog_002481
afhq_cat_011467,4,afhq_dog_004542
afhq_cat_011467,5,afhq_dog_003564
afhq_cat_011467,6,afhq_dog_002125
afhq_cat_011467,7,afhq_dog_002015
afhq_cat_011467,8,afhq_dog_002889
afhq_cat_011467,9,afhq_dog_002809
afhq_cat_011467,10,afhq_dog_000845
afhq_cat_011467,11,afhq_dog_000044
afhq_cat_011467,12,afhq_dog_002827
afhq_cat_011467,13,afhq_dog_001071
afhq_cat_011467,14,afhq_dog_014774
afhq_cat_011467,15,afhq_dog_004026
afhq_cat_013488,1,afhq_dog_004721
afhq_cat_013488,2,afhq_dog_000822
afhq_cat_013488,3,afhq_dog_001277
afhq_cat_013488,4,afhq_dog_014921
afhq_cat_013488,5,afhq_dog_002827
afhq_cat_013488,6,afhq_dog_003100
afhq_cat_013488,7,afhq_dog_000029
afhq_cat_013488,8,afhq_dog_004026
afhq_cat_013488,9,afhq_dog_003051
afhq_cat_013488,10,afhq_dog_001197
afhq_cat_013488,11,afhq_dog_000706
afhq_cat_013488,12,afhq_dog_004123
afhq_cat_013488,13,afhq_dog_003553
afhq_cat_013488,14,afhq_dog_002449
afhq_cat_013488,15,afhq_dog_000119
afhq_cat_013137,1,afhq_dog_000274
afhq_cat_013137,2,afhq_dog_000026
afhq_cat_013137,3,afhq_dog_000704
afhq_cat_013137,4,afhq_dog_003002
afhq_cat_013137,5,afhq_dog_000345
afhq_cat_013137,6,afhq_dog_003244
afhq_cat_013137,7,afhq_dog_003079
afhq_cat_013137,8,afhq_dog_000358
afhq_cat_013137,9,afhq_dog_002439
afhq_cat_013137,10,afhq_dog_004217
afhq_cat_013137,11,afhq_dog_004082
afhq_cat_013137,12,afhq_dog_001850
afhq_cat_013137,13,afhq_dog_003636
afhq_cat_013137,14,afhq_dog_002591
afhq_cat_013137,15,afhq_dog_000109
afhq_cat_015819,1,afhq_dog_000773
afhq_cat_015819,2,afhq_dog_014921
afhq_cat_015819,3,afhq_dog_001283
afhq_cat_015819,4,afhq_dog_001334
afhq_cat_015819,5,afhq_dog_003188
afhq_cat_015819,6,afhq_dog_000828
afhq_cat_015819,7,afhq_dog_000231
afhq_cat_015819,8,afhq_dog_004317
afhq_cat_015819,9,afhq_dog_003971
afhq_cat_015819,10,afhq_dog_002732
afhq_cat_015819,11,afhq_dog_003709
afhq_cat_015819,12,afhq_dog_003895
afhq_cat_015819,13,afhq_dog_000972
afhq_cat_015819,14,afhq_dog_000323
afhq_cat_015819,15,afhq_dog_004217
afhq_cat_010420,1,afhq_dog_000920
afhq_cat_010420,2,afhq_dog_002113
afhq_cat_010420,3,afhq_dog_001544
afhq_cat_010420,4,afhq_dog_000845
afhq_cat_010420,5,afhq_dog_003795
afhq_cat_010420,6,afhq_dog_002898
afhq_cat_010420,7,afhq_dog_001893
afhq_cat_010420,8,afhq_dog_002105
afhq_cat_010420,9,afhq_dog_004512
afhq_cat_010420,10,afhq_dog_003628
afhq_cat_010420,11,afhq_dog_000074
afhq_cat_010420,12,afhq_dog_003722
afhq_cat_010420,13,afhq_dog_003389
afhq_cat_010420,14,afhq_dog_001461
afhq_cat_010420,15,afhq_dog_003825
afhq_cat_012673,1,afhq_dog_002459
afhq_cat_012673,2,afhq_dog_002125
afhq_cat_012673,3,afhq_dog_014910
afhq_cat_012673,4,afhq_dog_003985
afhq_cat_012673,5,afhq_dog_004591
afhq_cat_012673,6,afhq_dog_002439
afhq_cat_012673,7,afhq_dog_014688
afhq_cat_012673,8,afhq_dog_002827
afhq_cat_012673,9,afhq_dog_004681
afhq_cat_012673,10,afhq_dog_002745
afhq_cat_012673,11,afhq_dog_000542
afhq_cat_012673,12,afhq_dog_002692
afhq_cat_012673,13,afhq_dog_004082
afhq_cat_012673,14,afhq_dog_002481
afhq_cat_012673,15,afhq_dog_000026
afhq_cat_012521,1,afhq_dog_001283
afhq_cat_012521,2,afhq_dog_004391
afhq_cat_012521,3,afhq_dog_002321
afhq_cat_012521,4,afhq_dog_004317
afhq_cat_012521,5,afhq_dog_004123
afhq_cat_012521,6,afhq_dog_001802
afhq_cat_012521,7,afhq_dog_002294
afhq_cat_012521,8,afhq_dog_003287
afhq_cat_012521,9,afhq_dog_014676
afhq_cat_012521,10,afhq_dog_003975
afhq_cat_012521,11,afhq_dog_001308
afhq_cat_012521,12,afhq_dog_003556
afhq_cat_012521,13,afhq_dog_003935
afhq_cat_012521,14,afhq_dog_003722
afhq_cat_012521,15,afhq_dog_000547
afhq_cat_011932,1,afhq_dog_003967
afhq_cat_011932,2,afhq_dog_003454
afhq_cat_011932,3,afhq_dog_004530
afhq_cat_011932,4,afhq_dog_002378
afhq_cat_011932,5,afhq_dog_004123
afhq_cat_011932,6,afhq_dog_000029
afhq_cat_011932,7,afhq_dog_014840
afhq_cat_011932,8,afhq_dog_002439
afhq_cat_011932,9,afhq_dog_001071
afhq_cat_011932,10,afhq_dog_014749
afhq_cat_011932,11,afhq_dog_002040
afhq_cat_011932,12,afhq_dog_014676
afhq_cat_011932,13,afhq_dog_003825
afhq_cat_011932,14,afhq_dog_000547
afhq_cat_011932,15,afhq_dog_002765
afhq_cat_009688,1,afhq_dog_002827
afhq_cat_009688,2,afhq_dog_003131
afhq_cat_009688,3,afhq_dog_000672
afhq_cat_009688,4,afhq_dog_002356
afhq_cat_009688,5,afhq_dog_014903
afhq_cat_009688,6,afhq_dog_002040
afhq_cat_009688,7,afhq_dog_002046
afhq_cat_009688,8,afhq_dog_000367
afhq_cat_009688,9,afhq_dog_001016
afhq_cat_009688,10,afhq_dog_003424
afhq_cat_009688,11,afhq_dog_003849
afhq_cat_009688,12,afhq_dog_015075
afhq_cat_009688,13,afhq_dog_002765
afhq_cat_009688,14,afhq_dog_015064
afhq_cat_009688,15,afhq_dog_014774
afhq_cat_013351,1,afhq_dog_002591
afhq_cat_013351,2,afhq_dog_002000
afhq_cat_013351,3,afhq_dog_000845
afhq_cat_013351,4,afhq_dog_003079
afhq_cat_013351,5,afhq_dog_014908
afhq_cat_013351,6,afhq_dog_000026
afhq_cat_013351,7,afhq_dog_000029
afhq_cat_013351,8,afhq_dog_014685
afhq_cat_013351,9,afhq_dog_001851
afhq_cat_013351,10,afhq_dog_014688
afhq_cat_013351,11,afhq_dog_003382
afhq_cat_013351,12,afhq_dog_000326
afhq_cat_013351,13,afhq_dog_002692
afhq_cat_013351,14,afhq_dog_002841
afhq_cat_013351,15,afhq_dog_003707
afhq_cat_010631,1,afhq_dog_003553
afhq_cat_010631,2,afhq_dog_002449
afhq_cat_010631,3,afhq_dog_004026
afhq_cat_010631,4,afhq_dog_000659
afhq_cat_010631,5,afhq_dog_000822
afhq_cat_010631,6,afhq_dog_003051
afhq_cat_010631,7,afhq_dog_000119
afhq_cat_010631,8,afhq_dog_003901
afhq_cat_010631,9,afhq_dog_000370
afhq_cat_010631,10,afhq_dog_000965
afhq_cat_010631,11,afhq_dog_001071
afhq_cat_010631,12,afhq_dog_000026
afhq_cat_010631,13,afhq_dog_004530
afhq_cat_010631,14,afhq_dog_002517
afhq_cat_010631,15,afhq_dog_002901
afhq_cat_013168,1,afhq_dog_004317
afhq_cat_013168,2,afhq_dog_003454
afhq_cat_013168,3,afhq_dog_004512
afhq_cat_013168,4,afhq_dog_003795
afhq_cat_013168,5,afhq_dog_003722
afhq_cat_013168,6,afhq_dog_000182
afhq_cat_013168,7,afhq_dog_014881
afhq_cat_013168,8,afhq_dog_000109
afhq_cat_013168,9,afhq_dog_002820
afhq_cat_013168,10,afhq_dog_003079
afhq_cat_013168,11,afhq_dog_014685
afhq_cat_013168,12,afhq_dog_000079
afhq_cat_013168,13,afhq_dog_003796
afhq_cat_013168,14,afhq_dog_003556
afhq_cat_013168,15,afhq_dog_003244
afhq_cat_015988,1,afhq_dog_000130
afhq_cat_015988,2,afhq_dog_004300
afhq_cat_015988,3,afhq_dog_014908
afhq_cat_015988,4,afhq_dog_002040
afhq_cat_015988,5,afhq_dog_003250
afhq_cat_015988,6,afhq_dog_002178
afhq_cat_015988,7,afhq_dog_002889
afhq_cat_015988,8,afhq_dog_002321
afhq_cat_015988,9,afhq_dog_004345
afhq_cat_015988,10,afhq_dog_000044
afhq_cat_015988,11,afhq_dog_002459
afhq_cat_015988,12,afhq_dog_004619
afhq_cat_015988,13,afhq_dog_003389
afhq_cat_015988,14,afhq_dog_002801
afhq_cat_015988,15,afhq_dog_000277
afhq_cat_012387,1,afhq_dog_004345
afhq_cat_012387,2,afhq_dog_002340
afhq_cat_012387,3,afhq_dog_003085
afhq_cat_012387,4,afhq_dog_003644
afhq_cat_012387,5,afhq_dog_003849
afhq_cat_012387,6,afhq_dog_002015
afhq_cat_012387,7,afhq_dog_002806
afhq_cat_012387,8,afhq_dog_001629
afhq_cat_012387,9,afhq_dog_003796
afhq_cat_012387,10,afhq_dog_002046
afhq_cat_012387,11,afhq_dog_001475
afhq_cat_012387,12,afhq_dog_004395
afhq_cat_012387,13,afhq_dog_000967
afhq_cat_012387,14,afhq_dog_002644
afhq_cat_012387,15,afhq_dog_003924
afhq_cat_009880,1,afhq_dog_004117
afhq_cat_009880,2,afhq_dog_000445
afhq_cat_009880,3,afhq_dog_002340
afhq_cat_009880,4,afhq_dog_004619
afhq_cat_009880,5,afhq_dog_001762
afhq_cat_009880,6,afhq_dog_003589
afhq_cat_009880,7,afhq_dog_014685
afhq_cat_009880,8,afhq_dog_003644
afhq_cat_009880,9,afhq_dog_001049
afhq_cat_009880,10,afhq_dog_014778
afhq_cat_009880,11,afhq_dog_001781
afhq_cat_009880,12,afhq_dog_002015
afhq_cat_009880,13,afhq_dog_000007
afhq_cat_009880,14,afhq_dog_002732
afhq_cat_009880,15,afhq_dog_003051
afhq_cat_013301,1,afhq_dog_001802
afhq_cat_013301,2,afhq_dog_001283
afhq_cat_013301,3,afhq_dog_014850
afhq_cat_013301,4,afhq_dog_014783
afhq_cat_013301,5,afhq_dog_001544
afhq_cat_013301,6,afhq_dog_000044
afhq_cat_013301,7,afhq_dog_003975
afhq_cat_013301,8,afhq_dog_001308
afhq_cat_013301,9,afhq_dog_003556
afhq_cat_013301,10,afhq_dog_002321
afhq_cat_013301,11,afhq_dog_003287
afhq_cat_013301,12,afhq_dog_014676
afhq_cat_013301,13,afhq_dog_002459
afhq_cat_013301,14,afhq_dog_000029
afhq_cat_013301,15,afhq_dog_001508
afhq_cat_013235,1,afhq_dog_001283
afhq_cat_013235,2,afhq_dog_001277
afhq_cat_013235,3,afhq_dog_002732
afhq_cat_013235,4,afhq_dog_004391
afhq_cat_013235,5,afhq_dog_003830
afhq_cat_013235,6,afhq_dog_002517
afhq_cat_013235,7,afhq_dog_003002
afhq_cat_013235,8,afhq_dog_004159
afhq_cat_013235,9,afhq_dog_000822
afhq_cat_013235,10,afhq_dog_003644
afhq_cat_013235,11,afhq_dog_000370
afhq_cat_013235,12,afhq_dog_003589
afhq_cat_013235,13,afhq_dog_004317
afhq_cat_013235,14,afhq_dog_000277
afhq_cat_013235,15,afhq_dog_003935
afhq_cat_010210,1,afhq_dog_002801
afhq_cat_010210,2,afhq_dog_004721
afhq_cat_010210,3,afhq_dog_004530
afhq_cat_010210,4,afhq_dog_000967
afhq_cat_010210,5,afhq_dog_003707
afhq_cat_010210,6,afhq_dog_004139
afhq_cat_010210,7,afhq_dog_000162
afhq_cat_010210,8,afhq_dog_000590
afhq_cat_010210,9,afhq_dog_004512
afhq_cat_010210,10,afhq_dog_003924
afhq_cat_010210,11,afhq_dog_004591
afhq_cat_010210,12,afhq_dog_000370
afhq_cat_010210,13,afhq_dog_000640
afhq_cat_010210,14,afhq_dog_000704
afhq_cat_010210,15,afhq_dog_002881
afhq_cat_014126,1,afhq_dog_004250
afhq_cat_014126,2,afhq_dog_002827
afhq_cat_014126,3,afhq_dog_015119
afhq_cat_014126,4,afhq_dog_000162
afhq_cat_014126,5,afhq_dog_004026
afhq_cat_014126,6,afhq_dog_003454
afhq_cat_014126,7,afhq_dog_001475
afhq_cat_014126,8,afhq_dog_004395
afhq_cat_014126,9,afhq_dog_000965
afhq_cat_014126,10,afhq_dog_004188
afhq_cat_014126,11,afhq_dog_001701
afhq_cat_014126,12,afhq_dog_001277
afhq_cat_014126,13,afhq_dog_003002
afhq_cat_014126,14,afhq_dog_000547
afhq_cat_014126,15,afhq_dog_002644
afhq_cat_013779,1,afhq_dog_014903
afhq_cat_013779,2,afhq_dog_001893
afhq_cat_013779,3,afhq_dog_004317
afhq_cat_013779,4,afhq_dog_004681
afhq_cat_013779,5,afhq_dog_004159
afhq_cat_013779,6,afhq_dog_004619
afhq_cat_013779,7,afhq_dog_014783
afhq_cat_013779,8,afhq_dog_001302
afhq_cat_013779,9,afhq_dog_003188
afhq_cat_013779,10,afhq_dog_002481
afhq_cat_013779,11,afhq_dog_000044
afhq_cat_013779,12,afhq_dog_002456
afhq_cat_013779,13,afhq_dog_002372
afhq_cat_013779,14,afhq_dog_004082
afhq_cat_013779,15,afhq_dog_004512
afhq_cat_014428,1,afhq_dog_002566
afhq_cat_014428,2,afhq_dog_003895
afhq_cat_014428,3,afhq_dog_003356
afhq_cat_014428,4,afhq_dog_002178
afhq_cat_014428,5,afhq_dog_002692
afhq_cat_014428,6,afhq_dog_003100
afhq_cat_014428,7,afhq_dog_000883
afhq_cat_014428,8,afhq_dog_000148
afhq_cat_014428,9,afhq_dog_004217
afhq_cat_014428,10,afhq_dog_003424
afhq_cat_014428,11,afhq_dog_000130
afhq_cat_014428,12,afhq_dog_000390
afhq_cat_014428,13,afhq_dog_004512
afhq_cat_014428,14,afhq_dog_000773
afhq_cat_014428,15,afhq_dog_004317
afhq_cat_010824,1,afhq_dog_002105
afhq_cat_010824,2,afhq_dog_014685
afhq_cat_010824,3,afhq_dog_002898
afhq_cat_010824,4,afhq_dog_000026
afhq_cat_010824,5,afhq_dog_004139
afhq_cat_010824,6,afhq_dog_000137
afhq_cat_010824,7,afhq_dog_001071
afhq_cat_010824,8,afhq_dog_002644
afhq_cat_010824,9,afhq_dog_002692
afhq_cat_010824,10,afhq_dog_002459
afhq_cat_010824,11,afhq_dog_001544
afhq_cat_010824,12,afhq_dog_004217
afhq_cat_010824,13,afhq_dog_002481
afhq_cat_010824,14,afhq_dog_002130
afhq_cat_010824,15,afhq_dog_015064
afhq_cat_013044,1,afhq_dog_000640
afhq_cat_013044,2,afhq_dog_003389
afhq_cat_013044,3,afhq_dog_014741
afhq_cat_013044,4,afhq_dog_003454
afhq_cat_013044,5,afhq_dog_014910
afhq_cat_013044,6,afhq_dog_003009
afhq_cat_013044,7,afhq_dog_000733
afhq_cat_013044,8,afhq_dog_004103
afhq_cat_013044,9,afhq_dog_003967
afhq_cat_013044,10,afhq_dog_000345
afhq_cat_013044,11,afhq_dog_003002
afhq_cat_013044,12,afhq_dog_001850
afhq_cat_013044,13,afhq_dog_002391
afhq_cat_013044,14,afhq_dog_000029
afhq_cat_013044,15,afhq_dog_002841
afhq_cat_011914,1,afhq_dog_004296
afhq_cat_011914,2,afhq_dog_002801
afhq_cat_011914,3,afhq_dog_004398
afhq_cat_011914,4,afhq_dog_001762
afhq_cat_011914,5,afhq_dog_014676
afhq_cat_011914,6,afhq_dog_000137
afhq_cat_011914,7,afhq_dog_002692
afhq_cat_011914,8,afhq_dog_001308
afhq_cat_011914,9,afhq_dog_014741
afhq_cat_011914,10,afhq_dog_000883
afhq_cat_011914,11,afhq_dog_015118
afhq_cat_011914,12,afhq_dog_003795
afhq_cat_011914,13,afhq_dog_000162
afhq_cat_011914,14,afhq_dog_004512
afhq_cat_011914,15,afhq_dog_003967
afhq_cat_011545,1,afhq_dog_003967
afhq_cat_011545,2,afhq_dog_003454
afhq_cat_011545,3,afhq_dog_000029
afhq_cat_011545,4,afhq_dog_014676
afhq_cat_011545,5,afhq_dog_001802
afhq_cat_011545,6,afhq_dog_000007
afhq_cat_011545,7,afhq_dog_002517
afhq_cat_011545,8,afhq_dog_000822
afhq_cat_011545,9,afhq_dog_014921
afhq_cat_011545,10,afhq_dog_003825
afhq_cat_011545,11,afhq_dog_004391
afhq_cat_011545,12,afhq_dog_003551
afhq_cat_011545,13,afhq_dog_001334
afhq_cat_011545,14,afhq_dog_002363
afhq_cat_011545,15,afhq_dog_002566
afhq_cat_012964,1,afhq_dog_014908
afhq_cat_012964,2,afhq_dog_014910
afhq_cat_012964,3,afhq_dog_004345
afhq_cat_012964,4,afhq_dog_001629
afhq_cat_012964,5,afhq_dog_000570
afhq_cat_012964,6,afhq_dog_003552
afhq_cat_012964,7,afhq_dog_003009
afhq_cat_012964,8,afhq_dog_003628
afhq_cat_012964,9,afhq_dog_002340
afhq_cat_012964,10,afhq_dog_003085
afhq_cat_012964,11,afhq_dog_003644
afhq_cat_012964,12,afhq_dog_002439
afhq_cat_012964,13,afhq_dog_004082
afhq_cat_012964,14,afhq_dog_000390
afhq_cat_012964,15,afhq_dog_001014
afhq_cat_009629,1,afhq_dog_002356
afhq_cat_009629,2,afhq_dog_000799
afhq_cat_009629,3,afhq_dog_002391
afhq_cat_009629,4,afhq_dog_004607
afhq_cat_009629,5,afhq_dog_003890
afhq_cat_009629,6,afhq_dog_003424
afhq_cat_009629,7,afhq_dog_002015
afhq_cat_009629,8,afhq_dog_003079
afhq_cat_009629,9,afhq_dog_000640
afhq_cat_009629,10,afhq_dog_001735
afhq_cat_009629,11,afhq_dog_000672
afhq_cat_009629,12,afhq_dog_000026
afhq_cat_009629,13,afhq_dog_015075
afhq_cat_009629,14,afhq_dog_002898
afhq_cat_009629,15,afhq_dog_003131
afhq_cat_016068,1,afhq_dog_004203
afhq_cat_016068,2,afhq_dog_004721
afhq_cat_016068,3,afhq_dog_003967
afhq_cat_016068,4,afhq_dog_000119
afhq_cat_016068,5,afhq_dog_002000
afhq_cat_016068,6,afhq_dog_002304
afhq_cat_016068,7,afhq_dog_002889
afhq_cat_016068,8,afhq_dog_002356
afhq_cat_016068,9,afhq_dog_004391
afhq_cat_016068,10,afhq_dog_000547
afhq_cat_016068,11,afhq_dog_000390
afhq_cat_016068,12,afhq_dog_002806
afhq_cat_016068,13,afhq_dog_000845
afhq_cat_016068,14,afhq_dog_014910
afhq_cat_016068,15,afhq_dog_002809
afhq_cat_011191,1,afhq_dog_001302
afhq_cat_011191,2,afhq_dog_002881
afhq_cat_011191,3,afhq_dog_002291
afhq_cat_011191,4,afhq_dog_000570
afhq_cat_011191,5,afhq_dog_004199
afhq_cat_011191,6,afhq_dog_003895
afhq_cat_011191,7,afhq_dog_014741
afhq_cat_011191,8,afhq_dog_001049
afhq_cat_011191,9,afhq_dog_003709
afhq_cat_011191,10,afhq_dog_003971
afhq_cat_011191,11,afhq_dog_003825
afhq_cat_011191,12,afhq_dog_002456
afhq_cat_011191,13,afhq_dog_002644
afhq_cat_011191,14,afhq_dog_002365
afhq_cat_011191,15,afhq_dog_002968
afhq_cat_014525,1,afhq_dog_004494
afhq_cat_014525,2,afhq_dog_000542
afhq_cat_014525,3,afhq_dog_004082
afhq_cat_014525,4,afhq_dog_004681
afhq_cat_014525,5,afhq_dog_002889
afhq_cat_014525,6,afhq_dog_001334
afhq_cat_014525,7,afhq_dog_004591
afhq_cat_014525,8,afhq_dog_002365
afhq_cat_014525,9,afhq_dog_002459
afhq_cat_014525,10,afhq_dog_002439
afhq_cat_014525,11,afhq_dog_000659
afhq_cat_014525,12,afhq_dog_004512
afhq_cat_014525,13,afhq_dog_000845
afhq_cat_014525,14,afhq_dog_004391
afhq_cat_014525,15,afhq_dog_001342
afhq_cat_013697,1,afhq_dog_002439
afhq_cat_013697,2,afhq_dog_001049
afhq_cat_013697,3,afhq_dog_014908
afhq_cat_013697,4,afhq_dog_002356
afhq_cat_013697,5,afhq_dog_000590
afhq_cat_013697,6,afhq_dog_014910
afhq_cat_013697,7,afhq_dog_002893
afhq_cat_013697,8,afhq_dog_001629
afhq_cat_013697,9,afhq_dog_004398
afhq_cat_013697,10,afhq_dog_000026
afhq_cat_013697,11,afhq_dog_004082
afhq_cat_013697,12,afhq_dog_000570
afhq_cat_013697,13,afhq_dog_000845
afhq_cat_013697,14,afhq_dog_001197
afhq_cat_013697,15,afhq_dog_000706
afhq_cat_014088,1,afhq_dog_015074
afhq_cat_014088,2,afhq_dog_003849
afhq_cat_014088,3,afhq_dog_003796
afhq_cat_014088,4,afhq_dog_000773
afhq_cat_014088,5,afhq_dog_001727
afhq_cat_014088,6,afhq_dog_002732
afhq_cat_014088,7,afhq_dog_014950
afhq_cat_014088,8,afhq_dog_002105
afhq_cat_014088,9,afhq_dog_014778
afhq_cat_014088,10,afhq_dog_002456
afhq_cat_014088,11,afhq_dog_004317
afhq_cat_014088,12,afhq_dog_002806
afhq_cat_014088,13,afhq_dog_000336
afhq_cat_014088,14,afhq_dog_000087
afhq_cat_014088,15,afhq_dog_002372
afhq_cat_011444,1,afhq_dog_002481
afhq_cat_011444,2,afhq_dog_002372
afhq_cat_011444,3,afhq_dog_001197
afhq_cat_011444,4,afhq_dog_000706
afhq_cat_011444,5,afhq_dog_000119
afhq_cat_011444,6,afhq_dog_003100
afhq_cat_011444,7,afhq_dog_000540
afhq_cat_011444,8,afhq_dog_001334
afhq_cat_011444,9,afhq_dog_002560
afhq_cat_011444,10,afhq_dog_000326
afhq_cat_011444,11,afhq_dog_000162
afhq_cat_011444,12,afhq_dog_001283
afhq_cat_011444,13,afhq_dog_002732
afhq_cat_011444,14,afhq_dog_000773
afhq_cat_011444,15,afhq_dog_000277
afhq_cat_010815,1,afhq_dog_002291
afhq_cat_010815,2,afhq_dog_003795
afhq_cat_010815,3,afhq_dog_004217
afhq_cat_010815,4,afhq_dog_001016
afhq_cat_010815,5,afhq_dog_001461
afhq_cat_010815,6,afhq_dog_003392
afhq_cat_010815,7,afhq_dog_001049
afhq_cat_010815,8,afhq_dog_004398
afhq_cat_010815,9,afhq_dog_000274
afhq_cat_010815,10,afhq_dog_000972
afhq_cat_010815,11,afhq_dog_002801
afhq_cat_010815,12,afhq_dog_003424
afhq_cat_010815,13,afhq_dog_001302
afhq_cat_010815,14,afhq_dog_002765
afhq_cat_010815,15,afhq_dog_000323
afhq_cat_010550,1,afhq_dog_004250
afhq_cat_010550,2,afhq_dog_003971
afhq_cat_010550,3,afhq_dog_014921
afhq_cat_010550,4,afhq_dog_001277
afhq_cat_010550,5,afhq_dog_014778
afhq_cat_010550,6,afhq_dog_003895
afhq_cat_010550,7,afhq_dog_014903
afhq_cat_010550,8,afhq_dog_000390
afhq_cat_010550,9,afhq_dog_003589
afhq_cat_010550,10,afhq_dog_000231
afhq_cat_010550,11,afhq_dog_004203
afhq_cat_010550,12,afhq_dog_015119
afhq_cat_010550,13,afhq_dog_014850
afhq_cat_010550,14,afhq_dog_001701
afhq_cat_010550,15,afhq_dog_000612
afhq_cat_012837,1,afhq_dog_000079
afhq_cat_012837,2,afhq_dog_003424
afhq_cat_012837,3,afhq_dog_000828
afhq_cat_012837,4,afhq_dog_002046
afhq_cat_012837,5,afhq_dog_001893
afhq_cat_012837,6,afhq_dog_001342
afhq_cat_012837,7,afhq_dog_014908
afhq_cat_012837,8,afhq_dog_003795
afhq_cat_012837,9,afhq_dog_002015
afhq_cat_012837,10,afhq_dog_004195
afhq_cat_012837,11,afhq_dog_002356
afhq_cat_012837,12,afhq_dog_002968
afhq_cat_012837,13,afhq_dog_002898
afhq_cat_012837,14,afhq_dog_003924
afhq_cat_012837,15,afhq_dog_001283
afhq_cat_012115,1,afhq_dog_000590
afhq_cat_012115,2,afhq_dog_000370
afhq_cat_012115,3,afhq_dog_003085
afhq_cat_012115,4,afhq_dog_000688
afhq_cat_012115,5,afhq_dog_003935
afhq_cat_012115,6,afhq_dog_001809
afhq_cat_012115,7,afhq_dog_000967
afhq_cat_012115,8,afhq_dog_001850
afhq_cat_012115,9,afhq_dog_003002
afhq_cat_012115,10,afhq_dog_003131
afhq_cat_012115,11,afhq_dog_000672
afhq_cat_012115,12,afhq_dog_014774
afhq_cat_012115,13,afhq_dog_004721
afhq_cat_012115,14,afhq_dog_002447
afhq_cat_012115,15,afhq_dog_002968
afhq_cat_009682,1,afhq_dog_000883
afhq_cat_009682,2,afhq_dog_014992
afhq_cat_009682,3,afhq_dog_002130
afhq_cat_009682,4,afhq_dog_004317
afhq_cat_009682,5,afhq_dog_001809
afhq_cat_009682,6,afhq_dog_014903
afhq_cat_009682,7,afhq_dog_002294
afhq_cat_009682,8,afhq_dog_000358
afhq_cat_009682,9,afhq_dog_002732
afhq_cat_009682,10,afhq_dog_003849
afhq_cat_009682,11,afhq_dog_015041
afhq_cat_009682,12,afhq_dog_014645
afhq_cat_009682,13,afhq_dog_003424
afhq_cat_009682,14,afhq_dog_002365
afhq_cat_009682,15,afhq_dog_004082
afhq_cat_015825,1,afhq_dog_000845
afhq_cat_015825,2,afhq_dog_004345
afhq_cat_015825,3,afhq_dog_000109
afhq_cat_015825,4,afhq_dog_002806
afhq_cat_015825,5,afhq_dog_002356
afhq_cat_015825,6,afhq_dog_000972
afhq_cat_015825,7,afhq_dog_000390
afhq_cat_015825,8,afhq_dog_002046
afhq_cat_015825,9,afhq_dog_004199
afhq_cat_015825,10,afhq_dog_001463
afhq_cat_015825,11,afhq_dog_002015
afhq_cat_015825,12,afhq_dog_003628
afhq_cat_015825,13,afhq_dog_003924
afhq_cat_015825,14,afhq_dog_003796
afhq_cat_015825,15,afhq_dog_003188
afhq_cat_014544,1,afhq_dog_004123
afhq_cat_014544,2,afhq_dog_003553
afhq_cat_014544,3,afhq_dog_002449
afhq_cat_014544,4,afhq_dog_004026
afhq_cat_014544,5,afhq_dog_000659
afhq_cat_014544,6,afhq_dog_004159
afhq_cat_014544,7,afhq_dog_000822
afhq_cat_014544,8,afhq_dog_000810
afhq_cat_014544,9,afhq_dog_004188
afhq_cat_014544,10,afhq_dog_004530
afhq_cat_014544,11,afhq_dog_001071
afhq_cat_014544,12,afhq_dog_004721
afhq_cat_014544,13,afhq_dog_000370
afhq_cat_014544,14,afhq_dog_003051
afhq_cat_014544,15,afhq_dog_002365
afhq_cat_015850,1,afhq_dog_003709
afhq_cat_015850,2,afhq_dog_001016
afhq_cat_015850,3,afhq_dog_003424
afhq_cat_015850,4,afhq_dog_002765
afhq_cat_015850,5,afhq_dog_014774
afhq_cat_015850,6,afhq_dog_001310
afhq_cat_015850,7,afhq_dog_002827
afhq_cat_015850,8,afhq_dog_002356
afhq_cat_015850,9,afhq_dog_003825
afhq_cat_015850,10,afhq_dog_002031
afhq_cat_015850,11,afhq_dog_003707
afhq_cat_015850,12,afhq_dog_003188
afhq_cat_015850,13,afhq_dog_002040
afhq_cat_015850,14,afhq_dog_003079
afhq_cat_015850,15,afhq_dog_000367
afhq_cat_012418,1,afhq_dog_001461
afhq_cat_012418,2,afhq_dog_015010
afhq_cat_012418,3,afhq_dog_004474
afhq_cat_012418,4,afhq_dog_002304
afhq_cat_012418,5,afhq_dog_002439
afhq_cat_012418,6,afhq_dog_000845
afhq_cat_012418,7,afhq_dog_003250
afhq_cat_012418,8,afhq_dog_002365
afhq_cat_012418,9,afhq_dog_000044
afhq_cat_012418,10,afhq_dog_001240
afhq_cat_012418,11,afhq_dog_003825
afhq_cat_012418,12,afhq_dog_014676
afhq_cat_012418,13,afhq_dog_002356
afhq_cat_012418,14,afhq_dog_002968
afhq_cat_012418,15,afhq_dog_000137
afhq_cat_014269,1,afhq_dog_000845
afhq_cat_014269,2,afhq_dog_003392
afhq_cat_014269,3,afhq_dog_003335
afhq_cat_014269,4,afhq_dog_002517
afhq_cat_014269,5,afhq_dog_000822
afhq_cat_014269,6,afhq_dog_002378
afhq_cat_014269,7,afhq_dog_003796
afhq_cat_014269,8,afhq_dog_001461
afhq_cat_014269,9,afhq_dog_003985
afhq_cat_014269,10,afhq_dog_002449
afhq_cat_014269,11,afhq_dog_002692
afhq_cat_014269,12,afhq_dog_003901
afhq_cat_014269,13,afhq_dog_000274
afhq_cat_014269,14,afhq_dog_002000
afhq_cat_014269,15,afhq_dog_000820
afhq_cat_013261,1,afhq_dog_004159
afhq_cat_013261,2,afhq_dog_002745
afhq_cat_013261,3,afhq_dog_000688
afhq_cat_013261,4,afhq_dog_003935
afhq_cat_013261,5,afhq_dog_002378
afhq_cat_013261,6,afhq_dog_001809
afhq_cat_013261,7,afhq_dog_004721
afhq_cat_013261,8,afhq_dog_003002
afhq_cat_013261,9,afhq_dog_002765
afhq_cat_013261,10,afhq_dog_003901
afhq_cat_013261,11,afhq_dog_003924
afhq_cat_013261,12,afhq_dog_002040
afhq_cat_013261,13,afhq_dog_000477
afhq_cat_013261,14,afhq_dog_002481
afhq_cat_013261,15,afhq_dog_004530
afhq_cat_016031,1,afhq_dog_000119
afhq_cat_016031,2,afhq_dog_004721
afhq_cat_016031,3,afhq_dog_002304
afhq_cat_016031,4,afhq_dog_002889
afhq_cat_016031,5,afhq_dog_015041
afhq_cat_016031,6,afhq_dog_003424
afhq_cat_016031,7,afhq_dog_000547
afhq_cat_016031,8,afhq_dog_002125
afhq_cat_016031,9,afhq_dog_000883
afhq_cat_016031,10,afhq_dog_000909
afhq_cat_016031,11,afhq_dog_000087
afhq_cat_016031,12,afhq_dog_004494
afhq_cat_016031,13,afhq_dog_000810
afhq_cat_016031,14,afhq_dog_014645
afhq_cat_016031,15,afhq_dog_000029
afhq_cat_014440,1,afhq_dog_015119
afhq_cat_014440,2,afhq_dog_000162
afhq_cat_014440,3,afhq_dog_003454
afhq_cat_014440,4,afhq_dog_002841
afhq_cat_014440,5,afhq_dog_000119
afhq_cat_014440,6,afhq_dog_002356
afhq_cat_014440,7,afhq_dog_001701
afhq_cat_014440,8,afhq_dog_002340
afhq_cat_014440,9,afhq_dog_002015
afhq_cat_014440,10,afhq_dog_002481
afhq_cat_014440,11,afhq_dog_004026
afhq_cat_014440,12,afhq_dog_000007
afhq_cat_014440,13,afhq_dog_014908
afhq_cat_014440,14,afhq_dog_004542
afhq_cat_014440,15,afhq_dog_000540
afhq_cat_010415,1,afhq_dog_014908
afhq_cat_010415,2,afhq_dog_001851
afhq_cat_010415,3,afhq_dog_002841
afhq_cat_010415,4,afhq_dog_000026
afhq_cat_010415,5,afhq_dog_014774
afhq_cat_010415,6,afhq_dog_003890
afhq_cat_010415,7,afhq_dog_001604
afhq_cat_010415,8,afhq_dog_003825
afhq_cat_010415,9,afhq_dog_000920
afhq_cat_010415,10,afhq_dog_003709
afhq_cat_010415,11,afhq_dog_000733
afhq_cat_010415,12,afhq_dog_000356
afhq_cat_010415,13,afhq_dog_000570
afhq_cat_010415,14,afhq_dog_002945
afhq_cat_010415,15,afhq_dog_001762
afhq_cat_011196,1,afhq_dog_003773
afhq_cat_011196,2,afhq_dog_014840
afhq_cat_011196,3,afhq_dog_000358
afhq_cat_011196,4,afhq_dog_003622
afhq_cat_011196,5,afhq_dog_015075
afhq_cat_011196,6,afhq_dog_000799
afhq_cat_011196,7,afhq_dog_000972
afhq_cat_011196,8,afhq_dog_002968
afhq_cat_011196,9,afhq_dog_003289
afhq_cat_011196,10,afhq_dog_001735
afhq_cat_011196,11,afhq_dog_004103
afhq_cat_011196,12,afhq_dog_001850
afhq_cat_011196,13,afhq_dog_002392
afhq_cat_011196,14,afhq_dog_002809
afhq_cat_011196,15,afhq_dog_003830
afhq_cat_011597,1,afhq_dog_004681
afhq_cat_011597,2,afhq_dog_002481
afhq_cat_011597,3,afhq_dog_002356
afhq_cat_011597,4,afhq_dog_002365
afhq_cat_011597,5,afhq_dog_000390
afhq_cat_011597,6,afhq_dog_002692
afhq_cat_011597,7,afhq_dog_004512
afhq_cat_011597,8,afhq_dog_003250
afhq_cat_011597,9,afhq_dog_003849
afhq_cat_011597,10,afhq_dog_004494
afhq_cat_011597,11,afhq_dog_014950
afhq_cat_011597,12,afhq_dog_004591
afhq_cat_011597,13,afhq_dog_000845
afhq_cat_011597,14,afhq_dog_001781
afhq_cat_011597,15,afhq_dog_002945
afhq_cat_015930,1,afhq_dog_000345
afhq_cat_015930,2,afhq_dog_003389
afhq_cat_015930,3,afhq_dog_000845
afhq_cat_015930,4,afhq_dog_015074
afhq_cat_015930,5,afhq_dog_000119
afhq_cat_015930,6,afhq_dog_004082
afhq_cat_015930,7,afhq_dog_002304
afhq_cat_015930,8,afhq_dog_002889
afhq_cat_015930,9,afhq_dog_002745
afhq_cat_015930,10,afhq_dog_000547
afhq_cat_015930,11,afhq_dog_002692
afhq_cat_015930,12,afhq_dog_002015
afhq_cat_015930,13,afhq_dog_000026
afhq_cat_015930,14,afhq_dog_000773
afhq_cat_015930,15,afhq_dog_002459
afhq_cat_012477,1,afhq_dog_014950
afhq_cat_012477,2,afhq_dog_002105
afhq_cat_012477,3,afhq_dog_000773
afhq_cat_012477,4,afhq_dog_002806
afhq_cat_012477,5,afhq_dog_000336
afhq_cat_012477,6,afhq_dog_000026
afhq_cat_012477,7,afhq_dog_015074
afhq_cat_012477,8,afhq_dog_000109
afhq_cat_012477,9,afhq_dog_001283
afhq_cat_012477,10,afhq_dog_004317
afhq_cat_012477,11,afhq_dog_001302
afhq_cat_012477,12,afhq_dog_002881
afhq_cat_012477,13,afhq_dog_002973
afhq_cat_012477,14,afhq_dog_002046
afhq_cat_012477,15,afhq_dog_003244
afhq_cat_012989,1,afhq_dog_003795
afhq_cat_012989,2,afhq_dog_000390
afhq_cat_012989,3,afhq_dog_002291
afhq_cat_012989,4,afhq_dog_014881
afhq_cat_012989,5,afhq_dog_001342
afhq_cat_012989,6,afhq_dog_000828
afhq_cat_012989,7,afhq_dog_014676
afhq_cat_012989,8,afhq_dog_001049
afhq_cat_012989,9,afhq_dog_004317
afhq_cat_012989,10,afhq_dog_004082
afhq_cat_012989,11,afhq_dog_003454
afhq_cat_012989,12,afhq_dog_004512
afhq_cat_012989,13,afhq_dog_000542
afhq_cat_012989,14,afhq_dog_003825
afhq_cat_012989,15,afhq_dog_002481
afhq_cat_011621,1,afhq_dog_004721
afhq_cat_011621,2,afhq_dog_000029
afhq_cat_011621,3,afhq_dog_002901
afhq_cat_011621,4,afhq_dog_004607
afhq_cat_011621,5,afhq_dog_003890
afhq_cat_011621,6,afhq_dog_002481
afhq_cat_011621,7,afhq_dog_001071
afhq_cat_011621,8,afhq_dog_002391
afhq_cat_011621,9,afhq_dog_004530
afhq_cat_011621,10,afhq_dog_002040
afhq_cat_011621,11,afhq_dog_003454
afhq_cat_011621,12,afhq_dog_014840
afhq_cat_011621,13,afhq_dog_000026
afhq_cat_011621,14,afhq_dog_002889
afhq_cat_011621,15,afhq_dog_002809
afhq_cat_014078,1,afhq_dog_001283
afhq_cat_014078,2,afhq_dog_004391
afhq_cat_014078,3,afhq_dog_003551
afhq_cat_014078,4,afhq_dog_001809
afhq_cat_014078,5,afhq_dog_004317
afhq_cat_014078,6,afhq_dog_003002
afhq_cat_014078,7,afhq_dog_002294
afhq_cat_014078,8,afhq_dog_001277
afhq_cat_014078,9,afhq_dog_000336
afhq_cat_014078,10,afhq_dog_004721
afhq_cat_014078,11,afhq_dog_000370
afhq_cat_014078,12,afhq_dog_003722
afhq_cat_014078,13,afhq_dog_004026
afhq_cat_014078,14,afhq_dog_000822
afhq_cat_014078,15,afhq_dog_000390
afhq_cat_011974,1,afhq_dog_003795
afhq_cat_011974,2,afhq_dog_002046
afhq_cat_011974,3,afhq_dog_000570
afhq_cat_011974,4,afhq_dog_003825
afhq_cat_011974,5,afhq_dog_002291
afhq_cat_011974,6,afhq_dog_000130
afhq_cat_011974,7,afhq_dog_004300
afhq_cat_011974,8,afhq_dog_014908
afhq_cat_011974,9,afhq_dog_004117
afhq_cat_011974,10,afhq_dog_014741
afhq_cat_011974,11,afhq_dog_001016
afhq_cat_011974,12,afhq_dog_001762
afhq_cat_011974,13,afhq_dog_001049
afhq_cat_011974,14,afhq_dog_014676
afhq_cat_011974,15,afhq_dog_003424
afhq_cat_013768,1,afhq_dog_003389
afhq_cat_013768,2,afhq_dog_002901
afhq_cat_013768,3,afhq_dog_004607
afhq_cat_013768,4,afhq_dog_003890
afhq_cat_013768,5,afhq_dog_004203
afhq_cat_013768,6,afhq_dog_001240
afhq_cat_013768,7,afhq_dog_002391
afhq_cat_013768,8,afhq_dog_000845
afhq_cat_013768,9,afhq_dog_002968
afhq_cat_013768,10,afhq_dog_014774
afhq_cat_013768,11,afhq_dog_000162
afhq_cat_013768,12,afhq_dog_000044
afhq_cat_013768,13,afhq_dog_001762
afhq_cat_013768,14,afhq_dog_001921
afhq_cat_013768,15,afhq_dog_002000
afhq_cat_015791,1,afhq_dog_000972
afhq_cat_015791,2,afhq_dog_000967
afhq_cat_015791,3,afhq_dog_003707
afhq_cat_015791,4,afhq_dog_000182
afhq_cat_015791,5,afhq_dog_014881
afhq_cat_015791,6,afhq_dog_000109
afhq_cat_015791,7,afhq_dog_001277
afhq_cat_015791,8,afhq_dog_001463
afhq_cat_015791,9,afhq_dog_001071
afhq_cat_015791,10,afhq_dog_004082
afhq_cat_015791,11,afhq_dog_000883
afhq_cat_015791,12,afhq_dog_004217
afhq_cat_015791,13,afhq_dog_003924
afhq_cat_015791,14,afhq_dog_003382
afhq_cat_015791,15,afhq_dog_003085
afhq_cat_013866,1,afhq_dog_003795
afhq_cat_013866,2,afhq_dog_002291
afhq_cat_013866,3,afhq_dog_004317
afhq_cat_013866,4,afhq_dog_001016
afhq_cat_013866,5,afhq_dog_004199
afhq_cat_013866,6,afhq_dog_004117
afhq_cat_013866,7,afhq_dog_001277
afhq_cat_013866,8,afhq_dog_003424
afhq_cat_013866,9,afhq_dog_003709
afhq_cat_013866,10,afhq_dog_014903
afhq_cat_013866,11,afhq_dog_002765
afhq_cat_013866,12,afhq_dog_003552
afhq_cat_013866,13,afhq_dog_003335
afhq_cat_013866,14,afhq_dog_014774
afhq_cat_013866,15,afhq_dog_014676
afhq_cat_012892,1,afhq_dog_000007
afhq_cat_012892,2,afhq_dog_000612
afhq_cat_012892,3,afhq_dog_003188
afhq_cat_012892,4,afhq_dog_003967
afhq_cat_012892,5,afhq_dog_001762
afhq_cat_012892,6,afhq_dog_003722
afhq_cat_012892,7,afhq_dog_003287
afhq_cat_012892,8,afhq_dog_014933
afhq_cat_012892,9,afhq_dog_014843
afhq_cat_012892,10,afhq_dog_014676
afhq_cat_012892,11,afhq_dog_000659
afhq_cat_012892,12,afhq_dog_002827
afhq_cat_012892,13,afhq_dog_004607
afhq_cat_012892,14,afhq_dog_001735
afhq_cat_012892,15,afhq_dog_004159
afhq_cat_012095,1,afhq_dog_002000
afhq_cat_012095,2,afhq_dog_001277
afhq_cat_012095,3,afhq_dog_003971
afhq_cat_012095,4,afhq_dog_014921
afhq_cat_012095,5,afhq_dog_002945
afhq_cat_012095,6,afhq_dog_003589
afhq_cat_012095,7,afhq_dog_003644
afhq_cat_012095,8,afhq_dog_002449
afhq_cat_012095,9,afhq_dog_003901
afhq_cat_012095,10,afhq_dog_015118
afhq_cat_012095,11,afhq_dog_000883
afhq_cat_012095,12,afhq_dog_000079
afhq_cat_012095,13,afhq_dog_000920
afhq_cat_012095,14,afhq_dog_004619
afhq_cat_012095,15,afhq_dog_002113
afhq_cat_010757,1,afhq_dog_003553
afhq_cat_010757,2,afhq_dog_002449
afhq_cat_010757,3,afhq_dog_004026
afhq_cat_010757,4,afhq_dog_000659
afhq_cat_010757,5,afhq_dog_004494
afhq_cat_010757,6,afhq_dog_000822
afhq_cat_010757,7,afhq_dog_003051
afhq_cat_010757,8,afhq_dog_000119
afhq_cat_010757,9,afhq_dog_004681
afhq_cat_010757,10,afhq_dog_002889
afhq_cat_010757,11,afhq_dog_014910
afhq_cat_010757,12,afhq_dog_004123
afhq_cat_010757,13,afhq_dog_001334
afhq_cat_010757,14,afhq_dog_003901
afhq_cat_010757,15,afhq_dog_004591
afhq_cat_013364,1,afhq_dog_000799
afhq_cat_013364,2,afhq_dog_004159
afhq_cat_013364,3,afhq_dog_004082
afhq_cat_013364,4,afhq_dog_003830
afhq_cat_013364,5,afhq_dog_003424
afhq_cat_013364,6,afhq_dog_000672
afhq_cat_013364,7,afhq_dog_015075
afhq_cat_013364,8,afhq_dog_004391
afhq_cat_013364,9,afhq_dog_003131
afhq_cat_013364,10,afhq_dog_000810
afhq_cat_013364,11,afhq_dog_014688
afhq_cat_013364,12,afhq_dog_000733
afhq_cat_013364,13,afhq_dog_002765
afhq_cat_013364,14,afhq_dog_004721
afhq_cat_013364,15,afhq_dog_001071
afhq_cat_013451,1,afhq_dog_000370
afhq_cat_013451,2,afhq_dog_003795
afhq_cat_013451,3,afhq_dog_001701
afhq_cat_013451,4,afhq_dog_004542
afhq_cat_013451,5,afhq_dog_002178
afhq_cat_013451,6,afhq_dog_003935
afhq_cat_013451,7,afhq_dog_000820
afhq_cat_013451,8,afhq_dog_002045
afhq_cat_013451,9,afhq_dog_000148
afhq_cat_013451,10,afhq_dog_002046
afhq_cat_013451,11,afhq_dog_000119
afhq_cat_013451,12,afhq_dog_004345
afhq_cat_013451,13,afhq_dog_002456
afhq_cat_013451,14,afhq_dog_002304
afhq_cat_013451,15,afhq_dog_002889
afhq_cat_011563,1,afhq_dog_000733
afhq_cat_011563,2,afhq_dog_000370
afhq_cat_011563,3,afhq_dog_000087
afhq_cat_011563,4,afhq_dog_002392
afhq_cat_011563,5,afhq_dog_002809
afhq_cat_011563,6,afhq_dog_002517
afhq_cat_011563,7,afhq_dog_001463
afhq_cat_011563,8,afhq_dog_000367
afhq_cat_011563,9,afhq_dog_004619
afhq_cat_011563,10,afhq_dog_002806
afhq_cat_011563,11,afhq_dog_002560
afhq_cat_011563,12,afhq_dog_000640
afhq_cat_011563,13,afhq_dog_003002
afhq_cat_011563,14,afhq_dog_004721
afhq_cat_011563,15,afhq_dog_004250
afhq_cat_011695,1,afhq_dog_002046
afhq_cat_011695,2,afhq_dog_003795
afhq_cat_011695,3,afhq_dog_004117
afhq_cat_011695,4,afhq_dog_000109
afhq_cat_011695,5,afhq_dog_004139
afhq_cat_011695,6,afhq_dog_002291
afhq_cat_011695,7,afhq_dog_001893
afhq_cat_011695,8,afhq_dog_000640
afhq_cat_011695,9,afhq_dog_004103
afhq_cat_011695,10,afhq_dog_003924
afhq_cat_011695,11,afhq_dog_014685
afhq_cat_011695,12,afhq_dog_003709
afhq_cat_011695,13,afhq_dog_001283
afhq_cat_011695,14,afhq_dog_014676
afhq_cat_011695,15,afhq_dog_001049
afhq_cat_013184,1,afhq_dog_003079
afhq_cat_013184,2,afhq_dog_000640
afhq_cat_013184,3,afhq_dog_000026
afhq_cat_013184,4,afhq_dog_000920
afhq_cat_013184,5,afhq_dog_002392
afhq_cat_013184,6,afhq_dog_002809
afhq_cat_013184,7,afhq_dog_002517
afhq_cat_013184,8,afhq_dog_002031
afhq_cat_013184,9,afhq_dog_003382
afhq_cat_013184,10,afhq_dog_000370
afhq_cat_013184,11,afhq_dog_002363
afhq_cat_013184,12,afhq_dog_001605
afhq_cat_013184,13,afhq_dog_002391
afhq_cat_013184,14,afhq_dog_004721
afhq_cat_013184,15,afhq_dog_004250
afhq_cat_012774,1,afhq_dog_004345
afhq_cat_012774,2,afhq_dog_000967
afhq_cat_012774,3,afhq_dog_003707
afhq_cat_012774,4,afhq_dog_003188
afhq_cat_012774,5,afhq_dog_003335
afhq_cat_012774,6,afhq_dog_001310
afhq_cat_012774,7,afhq_dog_000363
afhq_cat_012774,8,afhq_dog_003849
afhq_cat_012774,9,afhq_dog_004300
afhq_cat_012774,10,afhq_dog_002105
afhq_cat_012774,11,afhq_dog_001850
afhq_cat_012774,12,afhq_dog_004296
afhq_cat_012774,13,afhq_dog_003389
afhq_cat_012774,14,afhq_dog_000477
afhq_cat_012774,15,afhq_dog_003085
afhq_cat_013101,1,afhq_dog_000323
afhq_cat_013101,2,afhq_dog_002105
afhq_cat_013101,3,afhq_dog_003356
afhq_cat_013101,4,afhq_dog_000965
afhq_cat_013101,5,afhq_dog_003644
afhq_cat_013101,6,afhq_dog_002566
afhq_cat_013101,7,afhq_dog_014908
afhq_cat_013101,8,afhq_dog_001952
afhq_cat_013101,9,afhq_dog_014910
afhq_cat_013101,10,afhq_dog_000029
afhq_cat_013101,11,afhq_dog_000336
afhq_cat_013101,12,afhq_dog_001629
afhq_cat_013101,13,afhq_dog_001302
afhq_cat_013101,14,afhq_dog_002732
afhq_cat_013101,15,afhq_dog_000570
afhq_cat_014468,1,afhq_dog_000370
afhq_cat_014468,2,afhq_dog_000087
afhq_cat_014468,3,afhq_dog_002356
afhq_cat_014468,4,afhq_dog_003707
afhq_cat_014468,5,afhq_dog_004619
afhq_cat_014468,6,afhq_dog_002392
afhq_cat_014468,7,afhq_dog_002809
afhq_cat_014468,8,afhq_dog_002517
afhq_cat_014468,9,afhq_dog_000640
afhq_cat_014468,10,afhq_dog_002015
afhq_cat_014468,11,afhq_dog_001701
afhq_cat_014468,12,afhq_dog_003289
afhq_cat_014468,13,afhq_dog_003825
afhq_cat_014468,14,afhq_dog_002827
afhq_cat_014468,15,afhq_dog_004203
afhq_cat_014500,1,afhq_dog_002745
afhq_cat_014500,2,afhq_dog_003890
afhq_cat_014500,3,afhq_dog_015118
afhq_cat_014500,4,afhq_dog_002481
afhq_cat_014500,5,afhq_dog_003644
afhq_cat_014500,6,afhq_dog_001240
afhq_cat_014500,7,afhq_dog_000733
afhq_cat_014500,8,afhq_dog_002000
afhq_cat_014500,9,afhq_dog_000044
afhq_cat_014500,10,afhq_dog_003796
afhq_cat_014500,11,afhq_dog_002365
afhq_cat_014500,12,afhq_dog_003531
afhq_cat_014500,13,afhq_dog_003849
afhq_cat_014500,14,afhq_dog_004494
afhq_cat_014500,15,afhq_dog_004123
afhq_cat_013609,1,afhq_dog_000367
afhq_cat_013609,2,afhq_dog_000733
afhq_cat_013609,3,afhq_dog_003389
afhq_cat_013609,4,afhq_dog_002945
afhq_cat_013609,5,afhq_dog_002392
afhq_cat_013609,6,afhq_dog_002809
afhq_cat_013609,7,afhq_dog_002827
afhq_cat_013609,8,afhq_dog_002517
afhq_cat_013609,9,afhq_dog_003709
afhq_cat_013609,10,afhq_dog_000820
afhq_cat_013609,11,afhq_dog_002015
afhq_cat_013609,12,afhq_dog_003335
afhq_cat_013609,13,afhq_dog_000845
afhq_cat_013609,14,afhq_dog_002801
afhq_cat_013609,15,afhq_dog_002356
afhq_cat_013932,1,afhq_dog_004345
afhq_cat_013932,2,afhq_dog_002178
afhq_cat_013932,3,afhq_dog_001014
afhq_cat_013932,4,afhq_dog_001310
afhq_cat_013932,5,afhq_dog_004195
afhq_cat_013932,6,afhq_dog_003454
afhq_cat_013932,7,afhq_dog_000967
afhq_cat_013932,8,afhq_dog_003707
afhq_cat_013932,9,afhq_dog_002644
afhq_cat_013932,10,afhq_dog_003389
afhq_cat_013932,11,afhq_dog_002901
afhq_cat_013932,12,afhq_dog_004607
afhq_cat_013932,13,afhq_dog_003890
afhq_cat_013932,14,afhq_dog_003188
afhq_cat_013932,15,afhq_dog_002968
afhq_cat_011448,1,afhq_dog_003454
afhq_cat_011448,2,afhq_dog_002291
afhq_cat_011448,3,afhq_dog_001049
afhq_cat_011448,4,afhq_dog_001283
afhq_cat_011448,5,afhq_dog_004159
afhq_cat_011448,6,afhq_dog_002968
afhq_cat_011448,7,afhq_dog_002898
afhq_cat_011448,8,afhq_dog_014685
afhq_cat_011448,9,afhq_dog_003244
afhq_cat_011448,10,afhq_dog_001334
afhq_cat_011448,11,afhq_dog_000968
afhq_cat_011448,12,afhq_dog_001461
afhq_cat_011448,13,afhq_dog_014749
afhq_cat_011448,14,afhq_dog_003707
afhq_cat_011448,15,afhq_dog_000079
afhq_cat_011582,1,afhq_dog_001283
afhq_cat_011582,2,afhq_dog_004317
afhq_cat_011582,3,afhq_dog_002294
afhq_cat_011582,4,afhq_dog_001277
afhq_cat_011582,5,afhq_dog_003722
afhq_cat_011582,6,afhq_dog_000390
afhq_cat_011582,7,afhq_dog_000029
afhq_cat_011582,8,afhq_dog_002481
afhq_cat_011582,9,afhq_dog_001544
afhq_cat_011582,10,afhq_dog_003244
afhq_cat_011582,11,afhq_dog_003644
afhq_cat_011582,12,afhq_dog_002806
afhq_cat_011582,13,afhq_dog_003796
afhq_cat_011582,14,afhq_dog_001802
afhq_cat_011582,15,afhq_dog_001921
afhq_cat_013366,1,afhq_dog_003009
afhq_cat_013366,2,afhq_dog_004217
afhq_cat_013366,3,afhq_dog_002644
afhq_cat_013366,4,afhq_dog_002392
afhq_cat_013366,5,afhq_dog_002809
afhq_cat_013366,6,afhq_dog_004619
afhq_cat_013366,7,afhq_dog_002517
afhq_cat_013366,8,afhq_dog_000367
afhq_cat_013366,9,afhq_dog_001463
afhq_cat_013366,10,afhq_dog_002806
afhq_cat_013366,11,afhq_dog_002291
afhq_cat_013366,12,afhq_dog_001781
afhq_cat_013366,13,afhq_dog_000845
afhq_cat_013366,14,afhq_dog_004721
afhq_cat_013366,15,afhq_dog_002015
afhq_cat_014236,1,afhq_dog_004391
afhq_cat_014236,2,afhq_dog_002046
afhq_cat_014236,3,afhq_dog_004494
afhq_cat_014236,4,afhq_dog_002040
afhq_cat_014236,5,afhq_dog_001016
afhq_cat_014236,6,afhq_dog_003424
afhq_cat_014236,7,afhq_dog_002765
afhq_cat_014236,8,afhq_dog_002015
afhq_cat_014236,9,afhq_dog_002889
afhq_cat_014236,10,afhq_dog_014774
afhq_cat_014236,11,afhq_dog_014749
afhq_cat_014236,12,afhq_dog_002732
afhq_cat_014236,13,afhq_dog_004474
afhq_cat_014236,14,afhq_dog_014908
afhq_cat_014236,15,afhq_dog_000542
afhq_cat_012522,1,afhq_dog_000114
afhq_cat_012522,2,afhq_dog_003895
afhq_cat_012522,3,afhq_dog_000119
afhq_cat_012522,4,afhq_dog_002178
afhq_cat_012522,5,afhq_dog_003564
afhq_cat_012522,6,afhq_dog_003100
afhq_cat_012522,7,afhq_dog_002732
afhq_cat_012522,8,afhq_dog_001334
afhq_cat_012522,9,afhq_dog_002459
afhq_cat_012522,10,afhq_dog_001878
afhq_cat_012522,11,afhq_dog_001302
afhq_cat_012522,12,afhq_dog_002291
afhq_cat_012522,13,afhq_dog_000477
afhq_cat_012522,14,afhq_dog_000087
afhq_cat_012522,15,afhq_dog_000148
afhq_cat_012149,1,afhq_dog_014778
afhq_cat_012149,2,afhq_dog_002456
afhq_cat_012149,3,afhq_dog_004296
afhq_cat_012149,4,afhq_dog_002801
afhq_cat_012149,5,afhq_dog_002372
afhq_cat_012149,6,afhq_dog_004619
afhq_cat_012149,7,afhq_dog_001566
afhq_cat_012149,8,afhq_dog_004398
afhq_cat_012149,9,afhq_dog_002613
afhq_cat_012149,10,afhq_dog_000162
afhq_cat_012149,11,afhq_dog_001240
afhq_cat_012149,12,afhq_dog_003508
afhq_cat_012149,13,afhq_dog_000773
afhq_cat_012149,14,afhq_dog_001762
afhq_cat_012149,15,afhq_dog_001302
afhq_cat_011099,1,afhq_dog_003009
afhq_cat_011099,2,afhq_dog_004217
afhq_cat_011099,3,afhq_dog_002644
afhq_cat_011099,4,afhq_dog_004619
afhq_cat_011099,5,afhq_dog_000367
afhq_cat_011099,6,afhq_dog_001463
afhq_cat_011099,7,afhq_dog_000845
afhq_cat_011099,8,afhq_dog_002765
afhq_cat_011099,9,afhq_dog_001878
afhq_cat_011099,10,afhq_dog_001071
afhq_cat_011099,11,afhq_dog_000640
afhq_cat_011099,12,afhq_dog_002391
afhq_cat_011099,13,afhq_dog_014910
afhq_cat_011099,14,afhq_dog_002356
afhq_cat_011099,15,afhq_dog_002392
afhq_cat_014009,1,afhq_dog_000130
afhq_cat_014009,2,afhq_dog_004300
afhq_cat_014009,3,afhq_dog_014908
afhq_cat_014009,4,afhq_dog_000129
afhq_cat_014009,5,afhq_dog_002447
afhq_cat_014009,6,afhq_dog_002459
afhq_cat_014009,7,afhq_dog_000026
afhq_cat_014009,8,afhq_dog_004619
afhq_cat_014009,9,afhq_dog_001463
afhq_cat_014009,10,afhq_dog_002801
afhq_cat_014009,11,afhq_dog_001851
afhq_cat_014009,12,afhq_dog_002973
afhq_cat_014009,13,afhq_dog_002968
afhq_cat_014009,14,afhq_dog_004199
afhq_cat_014009,15,afhq_dog_000370
afhq_cat_014258,1,afhq_dog_000336
afhq_cat_014258,2,afhq_dog_000845
afhq_cat_014258,3,afhq_dog_003924
afhq_cat_014258,4,afhq_dog_014685
afhq_cat_014258,5,afhq_dog_002439
afhq_cat_014258,6,afhq_dog_004199
afhq_cat_014258,7,afhq_dog_000390
afhq_cat_014258,8,afhq_dog_004082
afhq_cat_014258,9,afhq_dog_001781
afhq_cat_014258,10,afhq_dog_004195
afhq_cat_014258,11,afhq_dog_004250
afhq_cat_014258,12,afhq_dog_004398
afhq_cat_014258,13,afhq_dog_003002
afhq_cat_014258,14,afhq_dog_004391
afhq_cat_014258,15,afhq_dog_004472
afhq_cat_014340,1,afhq_dog_002517
afhq_cat_014340,2,afhq_dog_000822
afhq_cat_014340,3,afhq_dog_001781
afhq_cat_014340,4,afhq_dog_004159
afhq_cat_014340,5,afhq_dog_014778
afhq_cat_014340,6,afhq_dog_003971
afhq_cat_014340,7,afhq_dog_014921
afhq_cat_014340,8,afhq_dog_002294
afhq_cat_014340,9,afhq_dog_003100
afhq_cat_014340,10,afhq_dog_003895
afhq_cat_014340,11,afhq_dog_003551
afhq_cat_014340,12,afhq_dog_000231
afhq_cat_014340,13,afhq_dog_003967
afhq_cat_014340,14,afhq_dog_002481
afhq_cat_014340,15,afhq_dog_002372
afhq_cat_013710,1,afhq_dog_002456
afhq_cat_013710,2,afhq_dog_003795
afhq_cat_013710,3,afhq_dog_003849
afhq_cat_013710,4,afhq_dog_001461
afhq_cat_013710,5,afhq_dog_000044
afhq_cat_013710,6,afhq_dog_002644
afhq_cat_013710,7,afhq_dog_004619
afhq_cat_013710,8,afhq_dog_003707
afhq_cat_013710,9,afhq_dog_003389
afhq_cat_013710,10,afhq_dog_003289
afhq_cat_013710,11,afhq_dog_000967
afhq_cat_013710,12,afhq_dog_000733
afhq_cat_013710,13,afhq_dog_000326
afhq_cat_013710,14,afhq_dog_004345
afhq_cat_013710,15,afhq_dog_004512
afhq_cat_009613,1,afhq_dog_001308
afhq_cat_009613,2,afhq_dog_003556
afhq_cat_009613,3,afhq_dog_003975
afhq_cat_009613,4,afhq_dog_002321
afhq_cat_009613,5,afhq_dog_014749
afhq_cat_009613,6,afhq_dog_004123
afhq_cat_009613,7,afhq_dog_002806
afhq_cat_009613,8,afhq_dog_003985
afhq_cat_009613,9,afhq_dog_000968
afhq_cat_009613,10,afhq_dog_004117
afhq_cat_009613,11,afhq_dog_003901
afhq_cat_009613,12,afhq_dog_004317
afhq_cat_009613,13,afhq_dog_002045
afhq_cat_009613,14,afhq_dog_000148
afhq_cat_009613,15,afhq_dog_003335
afhq_cat_009618,1,afhq_dog_002827
afhq_cat_009618,2,afhq_dog_000370
afhq_cat_009618,3,afhq_dog_000087
afhq_cat_009618,4,afhq_dog_002809
afhq_cat_009618,5,afhq_dog_002392
afhq_cat_009618,6,afhq_dog_002517
afhq_cat_009618,7,afhq_dog_004681
afhq_cat_009618,8,afhq_dog_000810
afhq_cat_009618,9,afhq_dog_004619
afhq_cat_009618,10,afhq_dog_001071
afhq_cat_009618,11,afhq_dog_014843
afhq_cat_009618,12,afhq_dog_003051
afhq_cat_009618,13,afhq_dog_002040
afhq_cat_009618,14,afhq_dog_004391
afhq_cat_009618,15,afhq_dog_004721
afhq_cat_010323,1,afhq_dog_003250
afhq_cat_010323,2,afhq_dog_004494
afhq_cat_010323,3,afhq_dog_002889
afhq_cat_010323,4,afhq_dog_002321
afhq_cat_010323,5,afhq_dog_000820
afhq_cat_010323,6,afhq_dog_000044
afhq_cat_010323,7,afhq_dog_002459
afhq_cat_010323,8,afhq_dog_004391
afhq_cat_010323,9,afhq_dog_003085
afhq_cat_010323,10,afhq_dog_000277
afhq_cat_010323,11,afhq_dog_004123
afhq_cat_010323,12,afhq_dog_001197
afhq_cat_010323,13,afhq_dog_000706
afhq_cat_010323,14,afhq_dog_000119
afhq_cat_010323,15,afhq_dog_000109
afhq_cat_013092,1,afhq_dog_002692
afhq_cat_013092,2,afhq_dog_003636
afhq_cat_013092,3,afhq_dog_003795
afhq_cat_013092,4,afhq_dog_002000
afhq_cat_013092,5,afhq_dog_003825
afhq_cat_013092,6,afhq_dog_004123
afhq_cat_013092,7,afhq_dog_000370
afhq_cat_013092,8,afhq_dog_001762
afhq_cat_013092,9,afhq_dog_000845
afhq_cat_013092,10,afhq_dog_002291
afhq_cat_013092,11,afhq_dog_000130
afhq_cat_013092,12,afhq_dog_000358
afhq_cat_013092,13,afhq_dog_004300
afhq_cat_013092,14,afhq_dog_014908
afhq_cat_013092,15,afhq_dog_014933
afhq_cat_012010,1,afhq_dog_002340
afhq_cat_012010,2,afhq_dog_003644
afhq_cat_012010,3,afhq_dog_002015
afhq_cat_012010,4,afhq_dog_001781
afhq_cat_012010,5,afhq_dog_001850
afhq_cat_012010,6,afhq_dog_002294
afhq_cat_012010,7,afhq_dog_014850
afhq_cat_012010,8,afhq_dog_004391
afhq_cat_012010,9,afhq_dog_002000
afhq_cat_012010,10,afhq_dog_003188
afhq_cat_012010,11,afhq_dog_000920
afhq_cat_012010,12,afhq_dog_001049
afhq_cat_012010,13,afhq_dog_001893
afhq_cat_012010,14,afhq_dog_014843
afhq_cat_012010,15,afhq_dog_004395
afhq_cat_009942,1,afhq_dog_014910
afhq_cat_009942,2,afhq_dog_001781
afhq_cat_009942,3,afhq_dog_004317
afhq_cat_009942,4,afhq_dog_003901
afhq_cat_009942,5,afhq_dog_004391
afhq_cat_009942,6,afhq_dog_004250
afhq_cat_009942,7,afhq_dog_002806
afhq_cat_009942,8,afhq_dog_002365
afhq_cat_009942,9,afhq_dog_000119
afhq_cat_009942,10,afhq_dog_002827
afhq_cat_009942,11,afhq_dog_000590
afhq_cat_009942,12,afhq_dog_000277
afhq_cat_009942,13,afhq_dog_002765
afhq_cat_009942,14,afhq_dog_002015
afhq_cat_009942,15,afhq_dog_001071
afhq_cat_010416,1,afhq_dog_002378
afhq_cat_010416,2,afhq_dog_004203
afhq_cat_010416,3,afhq_dog_001878
afhq_cat_010416,4,afhq_dog_014910
afhq_cat_010416,5,afhq_dog_014840
afhq_cat_010416,6,afhq_dog_003009
afhq_cat_010416,7,afhq_dog_004345
afhq_cat_010416,8,afhq_dog_001071
afhq_cat_010416,9,afhq_dog_002893
afhq_cat_010416,10,afhq_dog_003657
afhq_cat_010416,11,afhq_dog_002040
afhq_cat_010416,12,afhq_dog_000704
afhq_cat_010416,13,afhq_dog_002356
afhq_cat_010416,14,afhq_dog_000026
afhq_cat_010416,15,afhq_dog_001240
afhq_cat_009644,1,afhq_dog_002827
afhq_cat_009644,2,afhq_dog_002765
afhq_cat_009644,3,afhq_dog_001071
afhq_cat_009644,4,afhq_dog_004123
afhq_cat_009644,5,afhq_dog_004026
afhq_cat_009644,6,afhq_dog_002517
afhq_cat_009644,7,afhq_dog_003924
afhq_cat_009644,8,afhq_dog_000822
afhq_cat_009644,9,afhq_dog_001277
afhq_cat_009644,10,afhq_dog_004530
afhq_cat_009644,11,afhq_dog_002901
afhq_cat_009644,12,afhq_dog_003002
afhq_cat_009644,13,afhq_dog_004188
afhq_cat_009644,14,afhq_dog_004721
afhq_cat_009644,15,afhq_dog_003657
afhq_cat_011740,1,afhq_dog_002968
afhq_cat_011740,2,afhq_dog_014774
afhq_cat_011740,3,afhq_dog_000026
afhq_cat_011740,4,afhq_dog_000773
afhq_cat_011740,5,afhq_dog_001283
afhq_cat_011740,6,afhq_dog_004082
afhq_cat_011740,7,afhq_dog_002973
afhq_cat_011740,8,afhq_dog_002692
afhq_cat_011740,9,afhq_dog_002459
afhq_cat_011740,10,afhq_dog_000129
afhq_cat_011740,11,afhq_dog_003890
afhq_cat_011740,12,afhq_dog_002447
afhq_cat_011740,13,afhq_dog_004681
afhq_cat_011740,14,afhq_dog_000358
afhq_cat_011740,15,afhq_dog_000445
afhq_cat_011260,1,afhq_dog_003454
afhq_cat_011260,2,afhq_dog_000540
afhq_cat_011260,3,afhq_dog_000547
afhq_cat_011260,4,afhq_dog_000356
afhq_cat_011260,5,afhq_dog_003967
afhq_cat_011260,6,afhq_dog_001544
afhq_cat_011260,7,afhq_dog_004103
afhq_cat_011260,8,afhq_dog_000822
afhq_cat_011260,9,afhq_dog_001605
afhq_cat_011260,10,afhq_dog_002363
afhq_cat_011260,11,afhq_dog_000029
afhq_cat_011260,12,afhq_dog_004721
afhq_cat_011260,13,afhq_dog_000162
afhq_cat_011260,14,afhq_dog_000810
afhq_cat_011260,15,afhq_dog_001283
afhq_cat_010313,1,afhq_dog_000148
afhq_cat_010313,2,afhq_dog_000130
afhq_cat_010313,3,afhq_dog_004472
afhq_cat_010313,4,afhq_dog_001342
afhq_cat_010313,5,afhq_dog_000828
afhq_cat_010313,6,afhq_dog_003389
afhq_cat_010313,7,afhq_dog_000182
afhq_cat_010313,8,afhq_dog_000773
afhq_cat_010313,9,afhq_dog_014741
afhq_cat_010313,10,afhq_dog_001014
afhq_cat_010313,11,afhq_dog_002456
afhq_cat_010313,12,afhq_dog_000323
afhq_cat_010313,13,afhq_dog_014774
afhq_cat_010313,14,afhq_dog_000733
afhq_cat_010313,15,afhq_dog_003628
afhq_cat_009694,1,afhq_dog_000883
afhq_cat_009694,2,afhq_dog_004512
afhq_cat_009694,3,afhq_dog_004591
afhq_cat_009694,4,afhq_dog_015064
afhq_cat_009694,5,afhq_dog_002294
afhq_cat_009694,6,afhq_dog_001240
afhq_cat_009694,7,afhq_dog_001049
afhq_cat_009694,8,afhq_dog_002801
afhq_cat_009694,9,afhq_dog_000967
afhq_cat_009694,10,afhq_dog_003707
afhq_cat_009694,11,afhq_dog_002291
afhq_cat_009694,12,afhq_dog_002356
afhq_cat_009694,13,afhq_dog_004398
afhq_cat_009694,14,afhq_dog_014685
afhq_cat_009694,15,afhq_dog_002968
afhq_cat_011439,1,afhq_dog_002365
afhq_cat_011439,2,afhq_dog_015074
afhq_cat_011439,3,afhq_dog_003188
afhq_cat_011439,4,afhq_dog_002481
afhq_cat_011439,5,afhq_dog_002372
afhq_cat_011439,6,afhq_dog_000540
afhq_cat_011439,7,afhq_dog_000822
afhq_cat_011439,8,afhq_dog_003849
afhq_cat_011439,9,afhq_dog_003796
afhq_cat_011439,10,afhq_dog_000390
afhq_cat_011439,11,afhq_dog_000029
afhq_cat_011439,12,afhq_dog_002040
afhq_cat_011439,13,afhq_dog_002291
afhq_cat_011439,14,afhq_dog_001727
afhq_cat_011439,15,afhq_dog_004721
afhq_cat_011265,1,afhq_dog_003454
afhq_cat_011265,2,afhq_dog_003967
afhq_cat_011265,3,afhq_dog_004103
afhq_cat_011265,4,afhq_dog_000029
afhq_cat_011265,5,afhq_dog_000162
afhq_cat_011265,6,afhq_dog_002015
afhq_cat_011265,7,afhq_dog_001283
afhq_cat_011265,8,afhq_dog_001893
afhq_cat_011265,9,afhq_dog_002827
afhq_cat_011265,10,afhq_dog_002040
afhq_cat_011265,11,afhq_dog_002178
afhq_cat_011265,12,afhq_dog_002898
afhq_cat_011265,13,afhq_dog_015119
afhq_cat_011265,14,afhq_dog_002356
afhq_cat_011265,15,afhq_dog_003825
afhq_cat_012816,1,afhq_dog_000370
afhq_cat_012816,2,afhq_dog_000087
afhq_cat_012816,3,afhq_dog_014688
afhq_cat_012816,4,afhq_dog_000356
afhq_cat_012816,5,afhq_dog_000540
afhq_cat_012816,6,afhq_dog_000547
afhq_cat_012816,7,afhq_dog_004123
afhq_cat_012816,8,afhq_dog_000345
afhq_cat_012816,9,afhq_dog_003985
afhq_cat_012816,10,afhq_dog_003707
afhq_cat_012816,11,afhq_dog_001544
afhq_cat_012816,12,afhq_dog_000367
afhq_cat_012816,13,afhq_dog_000733
afhq_cat_012816,14,afhq_dog_004619
afhq_cat_012816,15,afhq_dog_003657
afhq_cat_010371,1,afhq_dog_004159
afhq_cat_010371,2,afhq_dog_001016
afhq_cat_010371,3,afhq_dog_000820
afhq_cat_010371,4,afhq_dog_003424
afhq_cat_010371,5,afhq_dog_002765
afhq_cat_010371,6,afhq_dog_000336
afhq_cat_010371,7,afhq_dog_002365
afhq_cat_010371,8,afhq_dog_000079
afhq_cat_010371,9,afhq_dog_014774
afhq_cat_010371,10,afhq_dog_003971
afhq_cat_010371,11,afhq_dog_014921
afhq_cat_010371,12,afhq_dog_000274
afhq_cat_010371,13,afhq_dog_000972
afhq_cat_010371,14,afhq_dog_014881
afhq_cat_010371,15,afhq_dog_000182
afhq_cat_016010,1,afhq_dog_000590
afhq_cat_016010,2,afhq_dog_000390
afhq_cat_016010,3,afhq_dog_000845
afhq_cat_016010,4,afhq_dog_002046
afhq_cat_016010,5,afhq_dog_001878
afhq_cat_016010,6,afhq_dog_004474
afhq_cat_016010,7,afhq_dog_003002
afhq_cat_016010,8,afhq_dog_004199
afhq_cat_016010,9,afhq_dog_014950
afhq_cat_016010,10,afhq_dog_001809
afhq_cat_016010,11,afhq_dog_002105
afhq_cat_016010,12,afhq_dog_000119
afhq_cat_016010,13,afhq_dog_002391
afhq_cat_016010,14,afhq_dog_002304
afhq_cat_016010,15,afhq_dog_002889
afhq_cat_016094,1,afhq_dog_002105
afhq_cat_016094,2,afhq_dog_004494
afhq_cat_016094,3,afhq_dog_002644
afhq_cat_016094,4,afhq_dog_004217
afhq_cat_016094,5,afhq_dog_000358
afhq_cat_016094,6,afhq_dog_015064
afhq_cat_016094,7,afhq_dog_002046
afhq_cat_016094,8,afhq_dog_014908
afhq_cat_016094,9,afhq_dog_002591
afhq_cat_016094,10,afhq_dog_003849
afhq_cat_016094,11,afhq_dog_003389
afhq_cat_016094,12,afhq_dog_014950
afhq_cat_016094,13,afhq_dog_003244
afhq_cat_016094,14,afhq_dog_004681
afhq_cat_016094,15,afhq_dog_004512
afhq_cat_010606,1,afhq_dog_004317
afhq_cat_010606,2,afhq_dog_003901
afhq_cat_010606,3,afhq_dog_002827
afhq_cat_010606,4,afhq_dog_003287
afhq_cat_010606,5,afhq_dog_014676
afhq_cat_010606,6,afhq_dog_000356
afhq_cat_010606,7,afhq_dog_002365
afhq_cat_010606,8,afhq_dog_014910
afhq_cat_010606,9,afhq_dog_014850
afhq_cat_010606,10,afhq_dog_002321
afhq_cat_010606,11,afhq_dog_004082
afhq_cat_010606,12,afhq_dog_003975
afhq_cat_010606,13,afhq_dog_001308
afhq_cat_010606,14,afhq_dog_003556
afhq_cat_010606,15,afhq_dog_003657
afhq_cat_011027,1,afhq_dog_001014
afhq_cat_011027,2,afhq_dog_002015
afhq_cat_011027,3,afhq_dog_000358
afhq_cat_011027,4,afhq_dog_000044
afhq_cat_011027,5,afhq_dog_002591
afhq_cat_011027,6,afhq_dog_003079
afhq_cat_011027,7,afhq_dog_000640
afhq_cat_011027,8,afhq_dog_003244
afhq_cat_011027,9,afhq_dog_000026
afhq_cat_011027,10,afhq_dog_000845
afhq_cat_011027,11,afhq_dog_004494
afhq_cat_011027,12,afhq_dog_004123
afhq_cat_011027,13,afhq_dog_002046
afhq_cat_011027,14,afhq_dog_000542
afhq_cat_011027,15,afhq_dog_002745
afhq_cat_011049,1,afhq_dog_003382
afhq_cat_011049,2,afhq_dog_000810
afhq_cat_011049,3,afhq_dog_002591
afhq_cat_011049,4,afhq_dog_000274
afhq_cat_011049,5,afhq_dog_001014
afhq_cat_011049,6,afhq_dog_002040
afhq_cat_011049,7,afhq_dog_001071
afhq_cat_011049,8,afhq_dog_002363
afhq_cat_011049,9,afhq_dog_003424
afhq_cat_011049,10,afhq_dog_000026
afhq_cat_011049,11,afhq_dog_000119
afhq_cat_011049,12,afhq_dog_003825
afhq_cat_011049,13,afhq_dog_004199
afhq_cat_011049,14,afhq_dog_000704
afhq_cat_011049,15,afhq_dog_003079
afhq_cat_012985,1,afhq_dog_002046
afhq_cat_012985,2,afhq_dog_002340
afhq_cat_012985,3,afhq_dog_014774
afhq_cat_012985,4,afhq_dog_002447
afhq_cat_012985,5,afhq_dog_003644
afhq_cat_012985,6,afhq_dog_002015
afhq_cat_012985,7,afhq_dog_002481
afhq_cat_012985,8,afhq_dog_001240
afhq_cat_012985,9,afhq_dog_004203
afhq_cat_012985,10,afhq_dog_002365
afhq_cat_012985,11,afhq_dog_001893
afhq_cat_012985,12,afhq_dog_003890
afhq_cat_012985,13,afhq_dog_002841
afhq_cat_012985,14,afhq_dog_004494
afhq_cat_012985,15,afhq_dog_001781
afhq_cat_016018,1,afhq_dog_001475
afhq_cat_016018,2,afhq_dog_004395
afhq_cat_016018,3,afhq_dog_000920
afhq_cat_016018,4,afhq_dog_002644
afhq_cat_016018,5,afhq_dog_000773
afhq_cat_016018,6,afhq_dog_000445
afhq_cat_016018,7,afhq_dog_000845
afhq_cat_016018,8,afhq_dog_000114
afhq_cat_016018,9,afhq_dog_002340
afhq_cat_016018,10,afhq_dog_002898
afhq_cat_016018,11,afhq_dog_004619
afhq_cat_016018,12,afhq_dog_003895
afhq_cat_016018,13,afhq_dog_001762
afhq_cat_016018,14,afhq_dog_015119
afhq_cat_016018,15,afhq_dog_001893
afhq_cat_009575,1,afhq_dog_000845
afhq_cat_009575,2,afhq_dog_001878
afhq_cat_009575,3,afhq_dog_002378
afhq_cat_009575,4,afhq_dog_002827
afhq_cat_009575,5,afhq_dog_014910
afhq_cat_009575,6,afhq_dog_003967
afhq_cat_009575,7,afhq_dog_002046
afhq_cat_009575,8,afhq_dog_003825
afhq_cat_009575,9,afhq_dog_001277
afhq_cat_009575,10,afhq_dog_002806
afhq_cat_009575,11,afhq_dog_001071
afhq_cat_009575,12,afhq_dog_002366
afhq_cat_009575,13,afhq_dog_003009
afhq_cat_009575,14,afhq_dog_002040
afhq_cat_009575,15,afhq_dog_000119
afhq_cat_013770,1,afhq_dog_001781
afhq_cat_013770,2,afhq_dog_003589
afhq_cat_013770,3,afhq_dog_000612
afhq_cat_013770,4,afhq_dog_003188
afhq_cat_013770,5,afhq_dog_003849
afhq_cat_013770,6,afhq_dog_003722
afhq_cat_013770,7,afhq_dog_003622
afhq_cat_013770,8,afhq_dog_002765
afhq_cat_013770,9,afhq_dog_001071
afhq_cat_013770,10,afhq_dog_004159
afhq_cat_013770,11,afhq_dog_000733
afhq_cat_013770,12,afhq_dog_003644
afhq_cat_013770,13,afhq_dog_003967
afhq_cat_013770,14,afhq_dog_000087
afhq_cat_013770,15,afhq_dog_000370
afhq_cat_014486,1,afhq_dog_003636
afhq_cat_014486,2,afhq_dog_000909
afhq_cat_014486,3,afhq_dog_004199
afhq_cat_014486,4,afhq_dog_003002
afhq_cat_014486,5,afhq_dog_001049
afhq_cat_014486,6,afhq_dog_001851
afhq_cat_014486,7,afhq_dog_002356
afhq_cat_014486,8,afhq_dog_004082
afhq_cat_014486,9,afhq_dog_001809
afhq_cat_014486,10,afhq_dog_003830
afhq_cat_014486,11,afhq_dog_003079
afhq_cat_014486,12,afhq_dog_000640
afhq_cat_014486,13,afhq_dog_000087
afhq_cat_014486,14,afhq_dog_000026
afhq_cat_014486,15,afhq_dog_001463
afhq_cat_015801,1,afhq_dog_003531
afhq_cat_015801,2,afhq_dog_014910
afhq_cat_015801,3,afhq_dog_015064
afhq_cat_015801,4,afhq_dog_002378
afhq_cat_015801,5,afhq_dog_015010
afhq_cat_015801,6,afhq_dog_004474
afhq_cat_015801,7,afhq_dog_002304
afhq_cat_015801,8,afhq_dog_002363
afhq_cat_015801,9,afhq_dog_000845
afhq_cat_015801,10,afhq_dog_003250
afhq_cat_015801,11,afhq_dog_003392
afhq_cat_015801,12,afhq_dog_002040
afhq_cat_015801,13,afhq_dog_000336
afhq_cat_015801,14,afhq_dog_002968
afhq_cat_015801,15,afhq_dog_014774
afhq_cat_010988,1,afhq_dog_000109
afhq_cat_010988,2,afhq_dog_003924
afhq_cat_010988,3,afhq_dog_004082
afhq_cat_010988,4,afhq_dog_003830
afhq_cat_010988,5,afhq_dog_000733
afhq_cat_010988,6,afhq_dog_001310
afhq_cat_010988,7,afhq_dog_002046
afhq_cat_010988,8,afhq_dog_004591
afhq_cat_010988,9,afhq_dog_002644
afhq_cat_010988,10,afhq_dog_003628
afhq_cat_010988,11,afhq_dog_004217
afhq_cat_010988,12,afhq_dog_000845
afhq_cat_010988,13,afhq_dog_003722
afhq_cat_010988,14,afhq_dog_002105
afhq_cat_010988,15,afhq_dog_000612
afhq_cat_013006,1,afhq_dog_000972
afhq_cat_013006,2,afhq_dog_002765
afhq_cat_013006,3,afhq_dog_002517
afhq_cat_013006,4,afhq_dog_000274
afhq_cat_013006,5,afhq_dog_000822
afhq_cat_013006,6,afhq_dog_000477
afhq_cat_013006,7,afhq_dog_000026
afhq_cat_013006,8,afhq_dog_001277
afhq_cat_013006,9,afhq_dog_000845
afhq_cat_013006,10,afhq_dog_001071
afhq_cat_013006,11,afhq_dog_000390
afhq_cat_013006,12,afhq_dog_000358
afhq_cat_013006,13,afhq_dog_000704
afhq_cat_013006,14,afhq_dog_003644
afhq_cat_013006,15,afhq_dog_004217
afhq_cat_012531,1,afhq_dog_002827
afhq_cat_012531,2,afhq_dog_004026
afhq_cat_012531,3,afhq_dog_001701
afhq_cat_012531,4,afhq_dog_004203
afhq_cat_012531,5,afhq_dog_000822
afhq_cat_012531,6,afhq_dog_002391
afhq_cat_012531,7,afhq_dog_004530
afhq_cat_012531,8,afhq_dog_004607
afhq_cat_012531,9,afhq_dog_003890
afhq_cat_012531,10,afhq_dog_000029
afhq_cat_012531,11,afhq_dog_000119
afhq_cat_012531,12,afhq_dog_003454
afhq_cat_012531,13,afhq_dog_003657
afhq_cat_012531,14,afhq_dog_002481
afhq_cat_012531,15,afhq_dog_000367
afhq_cat_009544,1,afhq_dog_000356
afhq_cat_009544,2,afhq_dog_000345
afhq_cat_009544,3,afhq_dog_014741
afhq_cat_009544,4,afhq_dog_003657
afhq_cat_009544,5,afhq_dog_000733
afhq_cat_009544,6,afhq_dog_001802
afhq_cat_009544,7,afhq_dog_004203
afhq_cat_009544,8,afhq_dog_003250
afhq_cat_009544,9,afhq_dog_001071
afhq_cat_009544,10,afhq_dog_002898
afhq_cat_009544,11,afhq_dog_002745
afhq_cat_009544,12,afhq_dog_015118
afhq_cat_009544,13,afhq_dog_001878
afhq_cat_009544,14,afhq_dog_003644
afhq_cat_009544,15,afhq_dog_002889
afhq_cat_011013,1,afhq_dog_014749
afhq_cat_011013,2,afhq_dog_003825
afhq_cat_011013,3,afhq_dog_002040
afhq_cat_011013,4,afhq_dog_004195
afhq_cat_011013,5,afhq_dog_000445
afhq_cat_011013,6,afhq_dog_002015
afhq_cat_011013,7,afhq_dog_004199
afhq_cat_011013,8,afhq_dog_003967
afhq_cat_011013,9,afhq_dog_000463
afhq_cat_011013,10,afhq_dog_003552
afhq_cat_011013,11,afhq_dog_003707
afhq_cat_011013,12,afhq_dog_003454
afhq_cat_011013,13,afhq_dog_004721
afhq_cat_011013,14,afhq_dog_000007
afhq_cat_011013,15,afhq_dog_001802
afhq_cat_011123,1,afhq_dog_000972
afhq_cat_011123,2,afhq_dog_001277
afhq_cat_011123,3,afhq_dog_004217
afhq_cat_011123,4,afhq_dog_003085
afhq_cat_011123,5,afhq_dog_004542
afhq_cat_011123,6,afhq_dog_003564
afhq_cat_011123,7,afhq_dog_002125
afhq_cat_011123,8,afhq_dog_004317
afhq_cat_011123,9,afhq_dog_002889
afhq_cat_011123,10,afhq_dog_000463
afhq_cat_011123,11,afhq_dog_000323
afhq_cat_011123,12,afhq_dog_004103
afhq_cat_011123,13,afhq_dog_002820
afhq_cat_011123,14,afhq_dog_003795
afhq_cat_011123,15,afhq_dog_003709
afhq_cat_016025,1,afhq_dog_002291
afhq_cat_016025,2,afhq_dog_001049
afhq_cat_016025,3,afhq_dog_003825
afhq_cat_016025,4,afhq_dog_002968
afhq_cat_016025,5,afhq_dog_001762
afhq_cat_016025,6,afhq_dog_002898
afhq_cat_016025,7,afhq_dog_003709
afhq_cat_016025,8,afhq_dog_003707
afhq_cat_016025,9,afhq_dog_015064
afhq_cat_016025,10,afhq_dog_002801
afhq_cat_016025,11,afhq_dog_014908
afhq_cat_016025,12,afhq_dog_000130
afhq_cat_016025,13,afhq_dog_004300
afhq_cat_016025,14,afhq_dog_000845
afhq_cat_016025,15,afhq_dog_003188
afhq_cat_012463,1,afhq_dog_003707
afhq_cat_012463,2,afhq_dog_000845
afhq_cat_012463,3,afhq_dog_004217
afhq_cat_012463,4,afhq_dog_003709
afhq_cat_012463,5,afhq_dog_015064
afhq_cat_012463,6,afhq_dog_004345
afhq_cat_012463,7,afhq_dog_001629
afhq_cat_012463,8,afhq_dog_002356
afhq_cat_012463,9,afhq_dog_000733
afhq_cat_012463,10,afhq_dog_002000
afhq_cat_012463,11,afhq_dog_002040
afhq_cat_012463,12,afhq_dog_002447
afhq_cat_012463,13,afhq_dog_001302
afhq_cat_012463,14,afhq_dog_014910
afhq_cat_012463,15,afhq_dog_001893
afhq_cat_014278,1,afhq_dog_001283
afhq_cat_014278,2,afhq_dog_004217
afhq_cat_014278,3,afhq_dog_014910
afhq_cat_014278,4,afhq_dog_002015
afhq_cat_014278,5,afhq_dog_002889
afhq_cat_014278,6,afhq_dog_000326
afhq_cat_014278,7,afhq_dog_003830
afhq_cat_014278,8,afhq_dog_014749
afhq_cat_014278,9,afhq_dog_003392
afhq_cat_014278,10,afhq_dog_002366
afhq_cat_014278,11,afhq_dog_000044
afhq_cat_014278,12,afhq_dog_000845
afhq_cat_014278,13,afhq_dog_004345
afhq_cat_014278,14,afhq_dog_014908
afhq_cat_014278,15,afhq_dog_002040
afhq_cat_013147,1,afhq_dog_014908
afhq_cat_013147,2,afhq_dog_003967
afhq_cat_013147,3,afhq_dog_000445
afhq_cat_013147,4,afhq_dog_002692
afhq_cat_013147,5,afhq_dog_000845
afhq_cat_013147,6,afhq_dog_004591
afhq_cat_013147,7,afhq_dog_002566
afhq_cat_013147,8,afhq_dog_003924
afhq_cat_013147,9,afhq_dog_000883
afhq_cat_013147,10,afhq_dog_001802
afhq_cat_013147,11,afhq_dog_004619
afhq_cat_013147,12,afhq_dog_001240
afhq_cat_013147,13,afhq_dog_002732
afhq_cat_013147,14,afhq_dog_000162
afhq_cat_013147,15,afhq_dog_002745
afhq_cat_011258,1,afhq_dog_002968
afhq_cat_011258,2,afhq_dog_014774
afhq_cat_011258,3,afhq_dog_002356
afhq_cat_011258,4,afhq_dog_003985
afhq_cat_011258,5,afhq_dog_003454
afhq_cat_011258,6,afhq_dog_000640
afhq_cat_011258,7,afhq_dog_000370
afhq_cat_011258,8,afhq_dog_003707
afhq_cat_011258,9,afhq_dog_003935
afhq_cat_011258,10,afhq_dog_004619
afhq_cat_011258,11,afhq_dog_003967
afhq_cat_011258,12,afhq_dog_001508
afhq_cat_011258,13,afhq_dog_003531
afhq_cat_011258,14,afhq_dog_004103
afhq_cat_011258,15,afhq_dog_002765
